Workbook

Sheet Preencher pelo celular
A1: Data | B1: Refeição | C1: Glicemia antes (mg/dL) | D1: Insulina (unidades) | E1: O que comeu e bebeu | F1: Glicemia 2h depois (mg/dL) | G1: Observações
A2: ='Como usar'!$B$4+INT((ROW()-2)/6) -> 46290 | B2: Café da manhã
A3: ='Como usar'!$B$4+INT((ROW()-2)/6) -> 46290 | B3: Lanche
A4: ='Como usar'!$B$4+INT((ROW()-2)/6) -> 46290 | B4: Almoço
A5: ='Como usar'!$B$4+INT((ROW()-2)/6) -> 46290 | B5: Café da tarde
A6: ='Como usar'!$B$4+INT((ROW()-2)/6) -> 46290 | B6: Janta
A7: ='Como usar'!$B$4+INT((ROW()-2)/6) -> 46290 | B7: Ceia
A8: ='Como usar'!$B$4+INT((ROW()-2)/6) -> 46291 | B8: Café da manhã
A9: ='Como usar'!$B$4+INT((ROW()-2)/6) -> 46291 | B9: Lanche
A10: ='Como usar'!$B$4+INT((ROW()-2)/6) -> 46291 | B10: Almoço
A11: ='Como usar'!$B$4+INT((ROW()-2)/6) -> 46291 | B11: Café da tarde
A12: ='Como usar'!$B$4+INT((ROW()-2)/6) -> 46291 | B12: Janta
A13: ='Como usar'!$B$4+INT((ROW()-2)/6) -> 46291 | B13: Ceia
... A541: ='Como usar'!$B$4+INT((ROW()-2)/6) -> 46379 | B541: Ceia

Sheet Histórico por dia
A1: HISTÓRICO POR DIA - GLICEMIA (mg/dL) E INSULINA (unidades)
A2: Data | B2: Café da manhã | E2: Lanche | H2: Almoço | K2: Café da tarde | N2: Janta | Q2: Ceia | T2: Média antes | U2: Média 2h depois | V2: Insulina total
B3: Antes | C3: Insul. | D3: 2h dep. | E3: Antes | F3: Insul. | G3: 2h dep. | H3: Antes | I3: Insul. | J3: 2h dep. | K3: Antes | L3: Insul. | M3: 2h dep. | N3: Antes | O3: Insul. | P3: 2h dep. | Q3: Antes | R3: Insul. | S3: 2h dep.
A4: ='Preencher pelo celular'!A2 -> 46290 | B4: =IF('Preencher pelo celular'!C2="","",'Preencher pelo celular'!C2) | C4: =IF('Preencher pelo celular'!D2="","",'Preencher pelo celular'!D2) | D4: =IF('Preencher pelo celular'!F2="","",'Preencher pelo celular'!F2) | E4: =IF('Preencher pelo celular'!C3="","",'Preencher pelo celular'!C3) | F4: =IF('Preencher pelo celular'!D3="","",'Preencher pelo celular'!D3) | G4: =IF('Preencher pelo celular'!F3="","",'Preencher pelo celular'!F3) | H4: =IF('Preencher pelo celular'!C4="","",'Preencher pelo celular'!C4) | I4: =IF('Preencher pelo celular'!D4="","",'Preencher pelo celular'!D4) | J4: =IF('Preencher pelo celular'!F4="","",'Preencher pelo celular'!F4) | K4: =IF('Preencher pelo celular'!C5="","",'Preencher pelo celular'!C5) | L4: =IF('Preencher pelo celular'!D5="","",'Preencher pelo celular'!D5) | M4: =IF('Preencher pelo celular'!F5="","",'Preencher pelo celular'!F5) | N4: =IF('Preencher pelo celular'!C6="","",'Preencher pelo celular'!C6) | O4: =IF('Preencher pelo celular'!D6="","",'Preencher pelo celular'!D6) | P4: =IF('Preencher pelo celular'!F6="","",'Preencher pelo celular'!F6) | Q4: =IF('Preencher pelo celular'!C7="","",'Preencher pelo celular'!C7) | R4: =IF('Preencher pelo celular'!D7="","",'Preencher pelo celular'!D7) | S4: =IF('Preencher pelo celular'!F7="","",'Preencher pelo celular'!F7) | T4: =IF(COUNT(B4,E4,H4,K4,N4,Q4)=0,"",AVERAGE(B4,E4,H4,K4,N4,Q4)) | U4: =IF(COUNT(D4,G4,J4,M4,P4,S4)=0,"",AVERAGE(D4,G4,J4,M4,P4,S4)) | V4: =IF(COUNT(C4,F4,I4,L4,O4,R4)=0,"",SUM(C4,F4,I4,L4,O4,R4))
A5: ='Preencher pelo celular'!A8 -> 46291 | B5: =IF('Preencher pelo celular'!C8="","",'Preencher pelo celular'!C8) | C5: =IF('Preencher pelo celular'!D8="","",'Preencher pelo celular'!D8) | D5: =IF('Preencher pelo celular'!F8="","",'Preencher pelo celular'!F8) | E5: =IF('Preencher pelo celular'!C9="","",'Preencher pelo celular'!C9) | F5: =IF('Preencher pelo celular'!D9="","",'Preencher pelo celular'!D9) | G5: =IF('Preencher pelo celular'!F9="","",'Preencher pelo celular'!F9) | H5: =IF('Preencher pelo celular'!C10="","",'Preencher pelo celular'!C10) | I5: =IF('Preencher pelo celular'!D10="","",'Preencher pelo celular'!D10) | J5: =IF('Preencher pelo celular'!F10="","",'Preencher pelo celular'!F10) | K5: =IF('Preencher pelo celular'!C11="","",'Preencher pelo celular'!C11) | L5: =IF('Preencher pelo celular'!D11="","",'Preencher pelo celular'!D11) | M5: =IF('Preencher pelo celular'!F11="","",'Preencher pelo celular'!F11) | N5: =IF('Preencher pelo celular'!C12="","",'Preencher pelo celular'!C12) | O5: =IF('Preencher pelo celular'!D12="","",'Preencher pelo celular'!D12) | P5: =IF('Preencher pelo celular'!F12="","",'Preencher pelo celular'!F12) | Q5: =IF('Preencher pelo celular'!C13="","",'Preencher pelo celular'!C13) | R5: =IF('Preencher pelo celular'!D13="","",'Preencher pelo celular'!D13) | S5: =IF('Preencher pelo celular'!F13="","",'Preencher pelo celular'!F13) | T5: =IF(COUNT(B5,E5,H5,K5,N5,Q5)=0,"",AVERAGE(B5,E5,H5,K5,N5,Q5)) | U5: =IF(COUNT(D5,G5,J5,M5,P5,S5)=0,"",AVERAGE(D5,G5,J5,M5,P5,S5)) | V5: =IF(COUNT(C5,F5,I5,L5,O5,R5)=0,"",SUM(C5,F5,I5,L5,O5,R5))
A6: ='Preencher pelo celular'!A14 -> 46292 | B6: =IF('Preencher pelo celular'!C14="","",'Preencher pelo celular'!C14) | C6: =IF('Preencher pelo celular'!D14="","",'Preencher pelo celular'!D14) | D6: =IF('Preencher pelo celular'!F14="","",'Preencher pelo celular'!F14) | E6: =IF('Preencher pelo celular'!C15="","",'Preencher pelo celular'!C15) | F6: =IF('Preencher pelo celular'!D15="","",'Preencher pelo celular'!D15) | G6: =IF('Preencher pelo celular'!F15="","",'Preencher pelo celular'!F15) | H6: =IF('Preencher pelo celular'!C16="","",'Preencher pelo celular'!C16) | I6: =IF('Preencher pelo celular'!D16="","",'Preencher pelo celular'!D16) | J6: =IF('Preencher pelo celular'!F16="","",'Preencher pelo celular'!F16) | K6: =IF('Preencher pelo celular'!C17="","",'Preencher pelo celular'!C17) | L6: =IF('Preencher pelo celular'!D17="","",'Preencher pelo celular'!D17) | M6: =IF('Preencher pelo celular'!F17="","",'Preencher pelo celular'!F17) | N6: =IF('Preencher pelo celular'!C18="","",'Preencher pelo celular'!C18) | O6: =IF('Preencher pelo celular'!D18="","",'Preencher pelo celular'!D18) | P6: =IF('Preencher pelo celular'!F18="","",'Preencher pelo celular'!F18) | Q6: =IF('Preencher pelo celular'!C19="","",'Preencher pelo celular'!C19) | R6: =IF('Preencher pelo celular'!D19="","",'Preencher pelo celular'!D19) | S6: =IF('Preencher pelo celular'!F19="","",'Preencher pelo celular'!F19) | T6: =IF(COUNT(B6,E6,H6,K6,N6,Q6)=0,"",AVERAGE(B6,E6,H6,K6,N6,Q6)) | U6: =IF(COUNT(D6,G6,J6,M6,P6,S6)=0,"",AVERAGE(D6,G6,J6,M6,P6,S6)) | V6: =IF(COUNT(C6,F6,I6,L6,O6,R6)=0,"",SUM(C6,F6,I6,L6,O6,R6))
A7: ='Preencher pelo celular'!A20 -> 46293 | B7: =IF('Preencher pelo celular'!C20="","",'Preencher pelo celular'!C20) | C7: =IF('Preencher pelo celular'!D20="","",'Preencher pelo celular'!D20) | D7: =IF('Preencher pelo celular'!F20="","",'Preencher pelo celular'!F20) | E7: =IF('Preencher pelo celular'!C21="","",'Preencher pelo celular'!C21) | F7: =IF('Preencher pelo celular'!D21="","",'Preencher pelo celular'!D21) | G7: =IF('Preencher pelo celular'!F21="","",'Preencher pelo celular'!F21) | H7: =IF('Preencher pelo celular'!C22="","",'Preencher pelo celular'!C22) | I7: =IF('Preencher pelo celular'!D22="","",'Preencher pelo celular'!D22) | J7: =IF('Preencher pelo celular'!F22="","",'Preencher pelo celular'!F22) | K7: =IF('Preencher pelo celular'!C23="","",'Preencher pelo celular'!C23) | L7: =IF('Preencher pelo celular'!D23="","",'Preencher pelo celular'!D23) | M7: =IF('Preencher pelo celular'!F23="","",'Preencher pelo celular'!F23) | N7: =IF('Preencher pelo celular'!C24="","",'Preencher pelo celular'!C24) | O7: =IF('Preencher pelo celular'!D24="","",'Preencher pelo celular'!D24) | P7: =IF('Preencher pelo celular'!F24="","",'Preencher pelo celular'!F24) | Q7: =IF('Preencher pelo celular'!C25="","",'Preencher pelo celular'!C25) | R7: =IF('Preencher pelo celular'!D25="","",'Preencher pelo celular'!D25) | S7: =IF('Preencher pelo celular'!F25="","",'Preencher pelo celular'!F25) | T7: =IF(COUNT(B7,E7,H7,K7,N7,Q7)=0,"",AVERAGE(B7,E7,H7,K7,N7,Q7)) | U7: =IF(COUNT(D7,G7,J7,M7,P7,S7)=0,"",AVERAGE(D7,G7,J7,M7,P7,S7)) | V7: =IF(COUNT(C7,F7,I7,L7,O7,R7)=0,"",SUM(C7,F7,I7,L7,O7,R7))
A8: ='Preencher pelo celular'!A26 -> 46294 | B8: =IF('Preencher pelo celular'!C26="","",'Preencher pelo celular'!C26) | C8: =IF('Preencher pelo celular'!D26="","",'Preencher pelo celular'!D26) | D8: =IF('Preencher pelo celular'!F26="","",'Preencher pelo celular'!F26) | E8: =IF('Preencher pelo celular'!C27="","",'Preencher pelo celular'!C27) | F8: =IF('Preencher pelo celular'!D27="","",'Preencher pelo celular'!D27) | G8: =IF('Preencher pelo celular'!F27="","",'Preencher pelo celular'!F27) | H8: =IF('Preencher pelo celular'!C28="","",'Preencher pelo celular'!C28) | I8: =IF('Preencher pelo celular'!D28="","",'Preencher pelo celular'!D28) | J8: =IF('Preencher pelo celular'!F28="","",'Preencher pelo celular'!F28) | K8: =IF('Preencher pelo celular'!C29="","",'Preencher pelo celular'!C29) | L8: =IF('Preencher pelo celular'!D29="","",'Preencher pelo celular'!D29) | M8: =IF('Preencher pelo celular'!F29="","",'Preencher pelo celular'!F29) | N8: =IF('Preencher pelo celular'!C30="","",'Preencher pelo celular'!C30) | O8: =IF('Preencher pelo celular'!D30="","",'Preencher pelo celular'!D30) | P8: =IF('Preencher pelo celular'!F30="","",'Preencher pelo celular'!F30) | Q8: =IF('Preencher pelo celular'!C31="","",'Preencher pelo celular'!C31) | R8: =IF('Preencher pelo celular'!D31="","",'Preencher pelo celular'!D31) | S8: =IF('Preencher pelo celular'!F31="","",'Preencher pelo celular'!F31) | T8: =IF(COUNT(B8,E8,H8,K8,N8,Q8)=0,"",AVERAGE(B8,E8,H8,K8,N8,Q8)) | U8: =IF(COUNT(D8,G8,J8,M8,P8,S8)=0,"",AVERAGE(D8,G8,J8,M8,P8,S8)) | V8: =IF(COUNT(C8,F8,I8,L8,O8,R8)=0,"",SUM(C8,F8,I8,L8,O8,R8))
A9: ='Preencher pelo celular'!A32 -> 46295 | B9: =IF('Preencher pelo celular'!C32="","",'Preencher pelo celular'!C32) | C9: =IF('Preencher pelo celular'!D32="","",'Preencher pelo celular'!D32) | D9: =IF('Preencher pelo celular'!F32="","",'Preencher pelo celular'!F32) | E9: =IF('Preencher pelo celular'!C33="","",'Preencher pelo celular'!C33) | F9: =IF('Preencher pelo celular'!D33="","",'Preencher pelo celular'!D33) | G9: =IF('Preencher pelo celular'!F33="","",'Preencher pelo celular'!F33) | H9: =IF('Preencher pelo celular'!C34="","",'Preencher pelo celular'!C34) | I9: =IF('Preencher pelo celular'!D34="","",'Preencher pelo celular'!D34) | J9: =IF('Preencher pelo celular'!F34="","",'Preencher pelo celular'!F34) | K9: =IF('Preencher pelo celular'!C35="","",'Preencher pelo celular'!C35) | L9: =IF('Preencher pelo celular'!D35="","",'Preencher pelo celular'!D35) | M9: =IF('Preencher pelo celular'!F35="","",'Preencher pelo celular'!F35) | N9: =IF('Preencher pelo celular'!C36="","",'Preencher pelo celular'!C36) | O9: =IF('Preencher pelo celular'!D36="","",'Preencher pelo celular'!D36) | P9: =IF('Preencher pelo celular'!F36="","",'Preencher pelo celular'!F36) | Q9: =IF('Preencher pelo celular'!C37="","",'Preencher pelo celular'!C37) | R9: =IF('Preencher pelo celular'!D37="","",'Preencher pelo celular'!D37) | S9: =IF('Preencher pelo celular'!F37="","",'Preencher pelo celular'!F37) | T9: =IF(COUNT(B9,E9,H9,K9,N9,Q9)=0,"",AVERAGE(B9,E9,H9,K9,N9,Q9)) | U9: =IF(COUNT(D9,G9,J9,M9,P9,S9)=0,"",AVERAGE(D9,G9,J9,M9,P9,S9)) | V9: =IF(COUNT(C9,F9,I9,L9,O9,R9)=0,"",SUM(C9,F9,I9,L9,O9,R9))
A10: ='Preencher pelo celular'!A38 -> 46296 | B10: =IF('Preencher pelo celular'!C38="","",'Preencher pelo celular'!C38) | C10: =IF('Preencher pelo celular'!D38="","",'Preencher pelo celular'!D38) | D10: =IF('Preencher pelo celular'!F38="","",'Preencher pelo celular'!F38) | E10: =IF('Preencher pelo celular'!C39="","",'Preencher pelo celular'!C39) | F10: =IF('Preencher pelo celular'!D39="","",'Preencher pelo celular'!D39) | G10: =IF('Preencher pelo celular'!F39="","",'Preencher pelo celular'!F39) | H10: =IF('Preencher pelo celular'!C40="","",'Preencher pelo celular'!C40) | I10: =IF('Preencher pelo celular'!D40="","",'Preencher pelo celular'!D40) | J10: =IF('Preencher pelo celular'!F40="","",'Preencher pelo celular'!F40) | K10: =IF('Preencher pelo celular'!C41="","",'Preencher pelo celular'!C41) | L10: =IF('Preencher pelo celular'!D41="","",'Preencher pelo celular'!D41) | M10: =IF('Preencher pelo celular'!F41="","",'Preencher pelo celular'!F41) | N10: =IF('Preencher pelo celular'!C42="","",'Preencher pelo celular'!C42) | O10: =IF('Preencher pelo celular'!D42="","",'Preencher pelo celular'!D42) | P10: =IF('Preencher pelo celular'!F42="","",'Preencher pelo celular'!F42) | Q10: =IF('Preencher pelo celular'!C43="","",'Preencher pelo celular'!C43) | R10: =IF('Preencher pelo celular'!D43="","",'Preencher pelo celular'!D43) | S10: =IF('Preencher pelo celular'!F43="","",'Preencher pelo celular'!F43) | T10: =IF(COUNT(B10,E10,H10,K10,N10,Q10)=0,"",AVERAGE(B10,E10,H10,K10,N10,Q10)) | U10: =IF(COUNT(D10,G10,J10,M10,P10,S10)=0,"",AVERAGE(D10,G10,J10,M10,P10,S10)) | V10: =IF(COUNT(C10,F10,I10,L10,O10,R10)=0,"",SUM(C10,F10,I10,L10,O10,R10))
A11: ='Preencher pelo celular'!A44 -> 46297 | B11: =IF('Preencher pelo celular'!C44="","",'Preencher pelo celular'!C44) | C11: =IF('Preencher pelo celular'!D44="","",'Preencher pelo celular'!D44) | D11: =IF('Preencher pelo celular'!F44="","",'Preencher pelo celular'!F44) | E11: =IF('Preencher pelo celular'!C45="","",'Preencher pelo celular'!C45) | F11: =IF('Preencher pelo celular'!D45="","",'Preencher pelo celular'!D45) | G11: =IF('Preencher pelo celular'!F45="","",'Preencher pelo celular'!F45) | H11: =IF('Preencher pelo celular'!C46="","",'Preencher pelo celular'!C46) | I11: =IF('Preencher pelo celular'!D46="","",'Preencher pelo celular'!D46) | J11: =IF('Preencher pelo celular'!F46="","",'Preencher pelo celular'!F46) | K11: =IF('Preencher pelo celular'!C47="","",'Preencher pelo celular'!C47) | L11: =IF('Preencher pelo celular'!D47="","",'Preencher pelo celular'!D47) | M11: =IF('Preencher pelo celular'!F47="","",'Preencher pelo celular'!F47) | N11: =IF('Preencher pelo celular'!C48="","",'Preencher pelo celular'!C48) | O11: =IF('Preencher pelo celular'!D48="","",'Preencher pelo celular'!D48) | P11: =IF('Preencher pelo celular'!F48="","",'Preencher pelo celular'!F48) | Q11: =IF('Preencher pelo celular'!C49="","",'Preencher pelo celular'!C49) | R11: =IF('Preencher pelo celular'!D49="","",'Preencher pelo celular'!D49) | S11: =IF('Preencher pelo celular'!F49="","",'Preencher pelo celular'!F49) | T11: =IF(COUNT(B11,E11,H11,K11,N11,Q11)=0,"",AVERAGE(B11,E11,H11,K11,N11,Q11)) | U11: =IF(COUNT(D11,G11,J11,M11,P11,S11)=0,"",AVERAGE(D11,G11,J11,M11,P11,S11)) | V11: =IF(COUNT(C11,F11,I11,L11,O11,R11)=0,"",SUM(C11,F11,I11,L11,O11,R11))
A12: ='Preencher pelo celular'!A50 -> 46298 | B12: =IF('Preencher pelo celular'!C50="","",'Preencher pelo celular'!C50) | C12: =IF('Preencher pelo celular'!D50="","",'Preencher pelo celular'!D50) | D12: =IF('Preencher pelo celular'!F50="","",'Preencher pelo celular'!F50) | E12: =IF('Preencher pelo celular'!C51="","",'Preencher pelo celular'!C51) | F12: =IF('Preencher pelo celular'!D51="","",'Preencher pelo celular'!D51) | G12: =IF('Preencher pelo celular'!F51="","",'Preencher pelo celular'!F51) | H12: =IF('Preencher pelo celular'!C52="","",'Preencher pelo celular'!C52) | I12: =IF('Preencher pelo celular'!D52="","",'Preencher pelo celular'!D52) | J12: =IF('Preencher pelo celular'!F52="","",'Preencher pelo celular'!F52) | K12: =IF('Preencher pelo celular'!C53="","",'Preencher pelo celular'!C53) | L12: =IF('Preencher pelo celular'!D53="","",'Preencher pelo celular'!D53) | M12: =IF('Preencher pelo celular'!F53="","",'Preencher pelo celular'!F53) | N12: =IF('Preencher pelo celular'!C54="","",'Preencher pelo celular'!C54) | O12: =IF('Preencher pelo celular'!D54="","",'Preencher pelo celular'!D54) | P12: =IF('Preencher pelo celular'!F54="","",'Preencher pelo celular'!F54) | Q12: =IF('Preencher pelo celular'!C55="","",'Preencher pelo celular'!C55) | R12: =IF('Preencher pelo celular'!D55="","",'Preencher pelo celular'!D55) | S12: =IF('Preencher pelo celular'!F55="","",'Preencher pelo celular'!F55) | T12: =IF(COUNT(B12,E12,H12,K12,N12,Q12)=0,"",AVERAGE(B12,E12,H12,K12,N12,Q12)) | U12: =IF(COUNT(D12,G12,J12,M12,P12,S12)=0,"",AVERAGE(D12,G12,J12,M12,P12,S12)) | V12: =IF(COUNT(C12,F12,I12,L12,O12,R12)=0,"",SUM(C12,F12,I12,L12,O12,R12))
A13: ='Preencher pelo celular'!A56 -> 46299 | B13: =IF('Preencher pelo celular'!C56="","",'Preencher pelo celular'!C56) | C13: =IF('Preencher pelo celular'!D56="","",'Preencher pelo celular'!D56) | D13: =IF('Preencher pelo celular'!F56="","",'Preencher pelo celular'!F56) | E13: =IF('Preencher pelo celular'!C57="","",'Preencher pelo celular'!C57) | F13: =IF('Preencher pelo celular'!D57="","",'Preencher pelo celular'!D57) | G13: =IF('Preencher pelo celular'!F57="","",'Preencher pelo celular'!F57) | H13: =IF('Preencher pelo celular'!C58="","",'Preencher pelo celular'!C58) | I13: =IF('Preencher pelo celular'!D58="","",'Preencher pelo celular'!D58) | J13: =IF('Preencher pelo celular'!F58="","",'Preencher pelo celular'!F58) | K13: =IF('Preencher pelo celular'!C59="","",'Preencher pelo celular'!C59) | L13: =IF('Preencher pelo celular'!D59="","",'Preencher pelo celular'!D59) | M13: =IF('Preencher pelo celular'!F59="","",'Preencher pelo celular'!F59) | N13: =IF('Preencher pelo celular'!C60="","",'Preencher pelo celular'!C60) | O13: =IF('Preencher pelo celular'!D60="","",'Preencher pelo celular'!D60) | P13: =IF('Preencher pelo celular'!F60="","",'Preencher pelo celular'!F60) | Q13: =IF('Preencher pelo celular'!C61="","",'Preencher pelo celular'!C61) | R13: =IF('Preencher pelo celular'!D61="","",'Preencher pelo celular'!D61) | S13: =IF('Preencher pelo celular'!F61="","",'Preencher pelo celular'!F61) | T13: =IF(COUNT(B13,E13,H13,K13,N13,Q13)=0,"",AVERAGE(B13,E13,H13,K13,N13,Q13)) | U13: =IF(COUNT(D13,G13,J13,M13,P13,S13)=0,"",AVERAGE(D13,G13,J13,M13,P13,S13)) | V13: =IF(COUNT(C13,F13,I13,L13,O13,R13)=0,"",SUM(C13,F13,I13,L13,O13,R13))
A14: ='Preencher pelo celular'!A62 -> 46300 | B14: =IF('Preencher pelo celular'!C62="","",'Preencher pelo celular'!C62) | C14: =IF('Preencher pelo celular'!D62="","",'Preencher pelo celular'!D62) | D14: =IF('Preencher pelo celular'!F62="","",'Preencher pelo celular'!F62) | E14: =IF('Preencher pelo celular'!C63="","",'Preencher pelo celular'!C63) | F14: =IF('Preencher pelo celular'!D63="","",'Preencher pelo celular'!D63) | G14: =IF('Preencher pelo celular'!F63="","",'Preencher pelo celular'!F63) | H14: =IF('Preencher pelo celular'!C64="","",'Preencher pelo celular'!C64) | I14: =IF('Preencher pelo celular'!D64="","",'Preencher pelo celular'!D64) | J14: =IF('Preencher pelo celular'!F64="","",'Preencher pelo celular'!F64) | K14: =IF('Preencher pelo celular'!C65="","",'Preencher pelo celular'!C65) | L14: =IF('Preencher pelo celular'!D65="","",'Preencher pelo celular'!D65) | M14: =IF('Preencher pelo celular'!F65="","",'Preencher pelo celular'!F65) | N14: =IF('Preencher pelo celular'!C66="","",'Preencher pelo celular'!C66) | O14: =IF('Preencher pelo celular'!D66="","",'Preencher pelo celular'!D66) | P14: =IF('Preencher pelo celular'!F66="","",'Preencher pelo celular'!F66) | Q14: =IF('Preencher pelo celular'!C67="","",'Preencher pelo celular'!C67) | R14: =IF('Preencher pelo celular'!D67="","",'Preencher pelo celular'!D67) | S14: =IF('Preencher pelo celular'!F67="","",'Preencher pelo celular'!F67) | T14: =IF(COUNT(B14,E14,H14,K14,N14,Q14)=0,"",AVERAGE(B14,E14,H14,K14,N14,Q14)) | U14: =IF(COUNT(D14,G14,J14,M14,P14,S14)=0,"",AVERAGE(D14,G14,J14,M14,P14,S14)) | V14: =IF(COUNT(C14,F14,I14,L14,O14,R14)=0,"",SUM(C14,F14,I14,L14,O14,R14))
A15: ='Preencher pelo celular'!A68 -> 46301 | B15: =IF('Preencher pelo celular'!C68="","",'Preencher pelo celular'!C68) | C15: =IF('Preencher pelo celular'!D68="","",'Preencher pelo celular'!D68) | D15: =IF('Preencher pelo celular'!F68="","",'Preencher pelo celular'!F68) | E15: =IF('Preencher pelo celular'!C69="","",'Preencher pelo celular'!C69) | F15: =IF('Preencher pelo celular'!D69="","",'Preencher pelo celular'!D69) | G15: =IF('Preencher pelo celular'!F69="","",'Preencher pelo celular'!F69) | H15: =IF('Preencher pelo celular'!C70="","",'Preencher pelo celular'!C70) | I15: =IF('Preencher pelo celular'!D70="","",'Preencher pelo celular'!D70) | J15: =IF('Preencher pelo celular'!F70="","",'Preencher pelo celular'!F70) | K15: =IF('Preencher pelo celular'!C71="","",'Preencher pelo celular'!C71) | L15: =IF('Preencher pelo celular'!D71="","",'Preencher pelo celular'!D71) | M15: =IF('Preencher pelo celular'!F71="","",'Preencher pelo celular'!F71) | N15: =IF('Preencher pelo celular'!C72="","",'Preencher pelo celular'!C72) | O15: =IF('Preencher pelo celular'!D72="","",'Preencher pelo celular'!D72) | P15: =IF('Preencher pelo celular'!F72="","",'Preencher pelo celular'!F72) | Q15: =IF('Preencher pelo celular'!C73="","",'Preencher pelo celular'!C73) | R15: =IF('Preencher pelo celular'!D73="","",'Preencher pelo celular'!D73) | S15: =IF('Preencher pelo celular'!F73="","",'Preencher pelo celular'!F73) | T15: =IF(COUNT(B15,E15,H15,K15,N15,Q15)=0,"",AVERAGE(B15,E15,H15,K15,N15,Q15)) | U15: =IF(COUNT(D15,G15,J15,M15,P15,S15)=0,"",AVERAGE(D15,G15,J15,M15,P15,S15)) | V15: =IF(COUNT(C15,F15,I15,L15,O15,R15)=0,"",SUM(C15,F15,I15,L15,O15,R15))
A16: ='Preencher pelo celular'!A74 -> 46302 | B16: =IF('Preencher pelo celular'!C74="","",'Preencher pelo celular'!C74) | C16: =IF('Preencher pelo celular'!D74="","",'Preencher pelo celular'!D74) | D16: =IF('Preencher pelo celular'!F74="","",'Preencher pelo celular'!F74) | E16: =IF('Preencher pelo celular'!C75="","",'Preencher pelo celular'!C75) | F16: =IF('Preencher pelo celular'!D75="","",'Preencher pelo celular'!D75) | G16: =IF('Preencher pelo celular'!F75="","",'Preencher pelo celular'!F75) | H16: =IF('Preencher pelo celular'!C76="","",'Preencher pelo celular'!C76) | I16: =IF('Preencher pelo celular'!D76="","",'Preencher pelo celular'!D76) | J16: =IF('Preencher pelo celular'!F76="","",'Preencher pelo celular'!F76) | K16: =IF('Preencher pelo celular'!C77="","",'Preencher pelo celular'!C77) | L16: =IF('Preencher pelo celular'!D77="","",'Preencher pelo celular'!D77) | M16: =IF('Preencher pelo celular'!F77="","",'Preencher pelo celular'!F77) | N16: =IF('Preencher pelo celular'!C78="","",'Preencher pelo celular'!C78) | O16: =IF('Preencher pelo celular'!D78="","",'Preencher pelo celular'!D78) | P16: =IF('Preencher pelo celular'!F78="","",'Preencher pelo celular'!F78) | Q16: =IF('Preencher pelo celular'!C79="","",'Preencher pelo celular'!C79) | R16: =IF('Preencher pelo celular'!D79="","",'Preencher pelo celular'!D79) | S16: =IF('Preencher pelo celular'!F79="","",'Preencher pelo celular'!F79) | T16: =IF(COUNT(B16,E16,H16,K16,N16,Q16)=0,"",AVERAGE(B16,E16,H16,K16,N16,Q16)) | U16: =IF(COUNT(D16,G16,J16,M16,P16,S16)=0,"",AVERAGE(D16,G16,J16,M16,P16,S16)) | V16: =IF(COUNT(C16,F16,I16,L16,O16,R16)=0,"",SUM(C16,F16,I16,L16,O16,R16))
A17: ='Preencher pelo celular'!A80 -> 46303 | B17: =IF('Preencher pelo celular'!C80="","",'Preencher pelo celular'!C80) | C17: =IF('Preencher pelo celular'!D80="","",'Preencher pelo celular'!D80) | D17: =IF('Preencher pelo celular'!F80="","",'Preencher pelo celular'!F80) | E17: =IF('Preencher pelo celular'!C81="","",'Preencher pelo celular'!C81) | F17: =IF('Preencher pelo celular'!D81="","",'Preencher pelo celular'!D81) | G17: =IF('Preencher pelo celular'!F81="","",'Preencher pelo celular'!F81) | H17: =IF('Preencher pelo celular'!C82="","",'Preencher pelo celular'!C82) | I17: =IF('Preencher pelo celular'!D82="","",'Preencher pelo celular'!D82) | J17: =IF('Preencher pelo celular'!F82="","",'Preencher pelo celular'!F82) | K17: =IF('Preencher pelo celular'!C83="","",'Preencher pelo celular'!C83) | L17: =IF('Preencher pelo celular'!D83="","",'Preencher pelo celular'!D83) | M17: =IF('Preencher pelo celular'!F83="","",'Preencher pelo celular'!F83) | N17: =IF('Preencher pelo celular'!C84="","",'Preencher pelo celular'!C84) | O17: =IF('Preencher pelo celular'!D84="","",'Preencher pelo celular'!D84) | P17: =IF('Preencher pelo celular'!F84="","",'Preencher pelo celular'!F84) | Q17: =IF('Preencher pelo celular'!C85="","",'Preencher pelo celular'!C85) | R17: =IF('Preencher pelo celular'!D85="","",'Preencher pelo celular'!D85) | S17: =IF('Preencher pelo celular'!F85="","",'Preencher pelo celular'!F85) | T17: =IF(COUNT(B17,E17,H17,K17,N17,Q17)=0,"",AVERAGE(B17,E17,H17,K17,N17,Q17)) | U17: =IF(COUNT(D17,G17,J17,M17,P17,S17)=0,"",AVERAGE(D17,G17,J17,M17,P17,S17)) | V17: =IF(COUNT(C17,F17,I17,L17,O17,R17)=0,"",SUM(C17,F17,I17,L17,O17,R17))
A18: ='Preencher pelo celular'!A86 -> 46304 | B18: =IF('Preencher pelo celular'!C86="","",'Preencher pelo celular'!C86) | C18: =IF('Preencher pelo celular'!D86="","",'Preencher pelo celular'!D86) | D18: =IF('Preencher pelo celular'!F86="","",'Preencher pelo celular'!F86) | E18: =IF('Preencher pelo celular'!C87="","",'Preencher pelo celular'!C87) | F18: =IF('Preencher pelo celular'!D87="","",'Preencher pelo celular'!D87) | G18: =IF('Preencher pelo celular'!F87="","",'Preencher pelo celular'!F87) | H18: =IF('Preencher pelo celular'!C88="","",'Preencher pelo celular'!C88) | I18: =IF('Preencher pelo celular'!D88="","",'Preencher pelo celular'!D88) | J18: =IF('Preencher pelo celular'!F88="","",'Preencher pelo celular'!F88) | K18: =IF('Preencher pelo celular'!C89="","",'Preencher pelo celular'!C89) | L18: =IF('Preencher pelo celular'!D89="","",'Preencher pelo celular'!D89) | M18: =IF('Preencher pelo celular'!F89="","",'Preencher pelo celular'!F89) | N18: =IF('Preencher pelo celular'!C90="","",'Preencher pelo celular'!C90) | O18: =IF('Preencher pelo celular'!D90="","",'Preencher pelo celular'!D90) | P18: =IF('Preencher pelo celular'!F90="","",'Preencher pelo celular'!F90) | Q18: =IF('Preencher pelo celular'!C91="","",'Preencher pelo celular'!C91) | R18: =IF('Preencher pelo celular'!D91="","",'Preencher pelo celular'!D91) | S18: =IF('Preencher pelo celular'!F91="","",'Preencher pelo celular'!F91) | T18: =IF(COUNT(B18,E18,H18,K18,N18,Q18)=0,"",AVERAGE(B18,E18,H18,K18,N18,Q18)) | U18: =IF(COUNT(D18,G18,J18,M18,P18,S18)=0,"",AVERAGE(D18,G18,J18,M18,P18,S18)) | V18: =IF(COUNT(C18,F18,I18,L18,O18,R18)=0,"",SUM(C18,F18,I18,L18,O18,R18))
A19: ='Preencher pelo celular'!A92 -> 46305 | B19: =IF('Preencher pelo celular'!C92="","",'Preencher pelo celular'!C92) | C19: =IF('Preencher pelo celular'!D92="","",'Preencher pelo celular'!D92) | D19: =IF('Preencher pelo celular'!F92="","",'Preencher pelo celular'!F92) | E19: =IF('Preencher pelo celular'!C93="","",'Preencher pelo celular'!C93) | F19: =IF('Preencher pelo celular'!D93="","",'Preencher pelo celular'!D93) | G19: =IF('Preencher pelo celular'!F93="","",'Preencher pelo celular'!F93) | H19: =IF('Preencher pelo celular'!C94="","",'Preencher pelo celular'!C94) | I19: =IF('Preencher pelo celular'!D94="","",'Preencher pelo celular'!D94) | J19: =IF('Preencher pelo celular'!F94="","",'Preencher pelo celular'!F94) | K19: =IF('Preencher pelo celular'!C95="","",'Preencher pelo celular'!C95) | L19: =IF('Preencher pelo celular'!D95="","",'Preencher pelo celular'!D95) | M19: =IF('Preencher pelo celular'!F95="","",'Preencher pelo celular'!F95) | N19: =IF('Preencher pelo celular'!C96="","",'Preencher pelo celular'!C96) | O19: =IF('Preencher pelo celular'!D96="","",'Preencher pelo celular'!D96) | P19: =IF('Preencher pelo celular'!F96="","",'Preencher pelo celular'!F96) | Q19: =IF('Preencher pelo celular'!C97="","",'Preencher pelo celular'!C97) | R19: =IF('Preencher pelo celular'!D97="","",'Preencher pelo celular'!D97) | S19: =IF('Preencher pelo celular'!F97="","",'Preencher pelo celular'!F97) | T19: =IF(COUNT(B19,E19,H19,K19,N19,Q19)=0,"",AVERAGE(B19,E19,H19,K19,N19,Q19)) | U19: =IF(COUNT(D19,G19,J19,M19,P19,S19)=0,"",AVERAGE(D19,G19,J19,M19,P19,S19)) | V19: =IF(COUNT(C19,F19,I19,L19,O19,R19)=0,"",SUM(C19,F19,I19,L19,O19,R19))
A20: ='Preencher pelo celular'!A98 -> 46306 | B20: =IF('Preencher pelo celular'!C98="","",'Preencher pelo celular'!C98) | C20: =IF('Preencher pelo celular'!D98="","",'Preencher pelo celular'!D98) | D20: =IF('Preencher pelo celular'!F98="","",'Preencher pelo celular'!F98) | E20: =IF('Preencher pelo celular'!C99="","",'Preencher pelo celular'!C99) | F20: =IF('Preencher pelo celular'!D99="","",'Preencher pelo celular'!D99) | G20: =IF('Preencher pelo celular'!F99="","",'Preencher pelo celular'!F99) | H20: =IF('Preencher pelo celular'!C100="","",'Preencher pelo celular'!C100) | I20: =IF('Preencher pelo celular'!D100="","",'Preencher pelo celular'!D100) | J20: =IF('Preencher pelo celular'!F100="","",'Preencher pelo celular'!F100) | K20: =IF('Preencher pelo celular'!C101="","",'Preencher pelo celular'!C101) | L20: =IF('Preencher pelo celular'!D101="","",'Preencher pelo celular'!D101) | M20: =IF('Preencher pelo celular'!F101="","",'Preencher pelo celular'!F101) | N20: =IF('Preencher pelo celular'!C102="","",'Preencher pelo celular'!C102) | O20: =IF('Preencher pelo celular'!D102="","",'Preencher pelo celular'!D102) | P20: =IF('Preencher pelo celular'!F102="","",'Preencher pelo celular'!F102) | Q20: =IF('Preencher pelo celular'!C103="","",'Preencher pelo celular'!C103) | R20: =IF('Preencher pelo celular'!D103="","",'Preencher pelo celular'!D103) | S20: =IF('Preencher pelo celular'!F103="","",'Preencher pelo celular'!F103) | T20: =IF(COUNT(B20,E20,H20,K20,N20,Q20)=0,"",AVERAGE(B20,E20,H20,K20,N20,Q20)) | U20: =IF(COUNT(D20,G20,J20,M20,P20,S20)=0,"",AVERAGE(D20,G20,J20,M20,P20,S20)) | V20: =IF(COUNT(C20,F20,I20,L20,O20,R20)=0,"",SUM(C20,F20,I20,L20,O20,R20))
A21: ='Preencher pelo celular'!A104 -> 46307 | B21: =IF('Preencher pelo celular'!C104="","",'Preencher pelo celular'!C104) | C21: =IF('Preencher pelo celular'!D104="","",'Preencher pelo celular'!D104) | D21: =IF('Preencher pelo celular'!F104="","",'Preencher pelo celular'!F104) | E21: =IF('Preencher pelo celular'!C105="","",'Preencher pelo celular'!C105) | F21: =IF('Preencher pelo celular'!D105="","",'Preencher pelo celular'!D105) | G21: =IF('Preencher pelo celular'!F105="","",'Preencher pelo celular'!F105) | H21: =IF('Preencher pelo celular'!C106="","",'Preencher pelo celular'!C106) | I21: =IF('Preencher pelo celular'!D106="","",'Preencher pelo celular'!D106) | J21: =IF('Preencher pelo celular'!F106="","",'Preencher pelo celular'!F106) | K21: =IF('Preencher pelo celular'!C107="","",'Preencher pelo celular'!C107) | L21: =IF('Preencher pelo celular'!D107="","",'Preencher pelo celular'!D107) | M21: =IF('Preencher pelo celular'!F107="","",'Preencher pelo celular'!F107) | N21: =IF('Preencher pelo celular'!C108="","",'Preencher pelo celular'!C108) | O21: =IF('Preencher pelo celular'!D108="","",'Preencher pelo celular'!D108) | P21: =IF('Preencher pelo celular'!F108="","",'Preencher pelo celular'!F108) | Q21: =IF('Preencher pelo celular'!C109="","",'Preencher pelo celular'!C109) | R21: =IF('Preencher pelo celular'!D109="","",'Preencher pelo celular'!D109) | S21: =IF('Preencher pelo celular'!F109="","",'Preencher pelo celular'!F109) | T21: =IF(COUNT(B21,E21,H21,K21,N21,Q21)=0,"",AVERAGE(B21,E21,H21,K21,N21,Q21)) | U21: =IF(COUNT(D21,G21,J21,M21,P21,S21)=0,"",AVERAGE(D21,G21,J21,M21,P21,S21)) | V21: =IF(COUNT(C21,F21,I21,L21,O21,R21)=0,"",SUM(C21,F21,I21,L21,O21,R21))
A22: ='Preencher pelo celular'!A110 -> 46308 | B22: =IF('Preencher pelo celular'!C110="","",'Preencher pelo celular'!C110) | C22: =IF('Preencher pelo celular'!D110="","",'Preencher pelo celular'!D110) | D22: =IF('Preencher pelo celular'!F110="","",'Preencher pelo celular'!F110) | E22: =IF('Preencher pelo celular'!C111="","",'Preencher pelo celular'!C111) | F22: =IF('Preencher pelo celular'!D111="","",'Preencher pelo celular'!D111) | G22: =IF('Preencher pelo celular'!F111="","",'Preencher pelo celular'!F111) | H22: =IF('Preencher pelo celular'!C112="","",'Preencher pelo celular'!C112) | I22: =IF('Preencher pelo celular'!D112="","",'Preencher pelo celular'!D112) | J22: =IF('Preencher pelo celular'!F112="","",'Preencher pelo celular'!F112) | K22: =IF('Preencher pelo celular'!C113="","",'Preencher pelo celular'!C113) | L22: =IF('Preencher pelo celular'!D113="","",'Preencher pelo celular'!D113) | M22: =IF('Preencher pelo celular'!F113="","",'Preencher pelo celular'!F113) | N22: =IF('Preencher pelo celular'!C114="","",'Preencher pelo celular'!C114) | O22: =IF('Preencher pelo celular'!D114="","",'Preencher pelo celular'!D114) | P22: =IF('Preencher pelo celular'!F114="","",'Preencher pelo celular'!F114) | Q22: =IF('Preencher pelo celular'!C115="","",'Preencher pelo celular'!C115) | R22: =IF('Preencher pelo celular'!D115="","",'Preencher pelo celular'!D115) | S22: =IF('Preencher pelo celular'!F115="","",'Preencher pelo celular'!F115) | T22: =IF(COUNT(B22,E22,H22,K22,N22,Q22)=0,"",AVERAGE(B22,E22,H22,K22,N22,Q22)) | U22: =IF(COUNT(D22,G22,J22,M22,P22,S22)=0,"",AVERAGE(D22,G22,J22,M22,P22,S22)) | V22: =IF(COUNT(C22,F22,I22,L22,O22,R22)=0,"",SUM(C22,F22,I22,L22,O22,R22))
A23: ='Preencher pelo celular'!A116 -> 46309 | B23: =IF('Preencher pelo celular'!C116="","",'Preencher pelo celular'!C116) | C23: =IF('Preencher pelo celular'!D116="","",'Preencher pelo celular'!D116) | D23: =IF('Preencher pelo celular'!F116="","",'Preencher pelo celular'!F116) | E23: =IF('Preencher pelo celular'!C117="","",'Preencher pelo celular'!C117) | F23: =IF('Preencher pelo celular'!D117="","",'Preencher pelo celular'!D117) | G23: =IF('Preencher pelo celular'!F117="","",'Preencher pelo celular'!F117) | H23: =IF('Preencher pelo celular'!C118="","",'Preencher pelo celular'!C118) | I23: =IF('Preencher pelo celular'!D118="","",'Preencher pelo celular'!D118) | J23: =IF('Preencher pelo celular'!F118="","",'Preencher pelo celular'!F118) | K23: =IF('Preencher pelo celular'!C119="","",'Preencher pelo celular'!C119) | L23: =IF('Preencher pelo celular'!D119="","",'Preencher pelo celular'!D119) | M23: =IF('Preencher pelo celular'!F119="","",'Preencher pelo celular'!F119) | N23: =IF('Preencher pelo celular'!C120="","",'Preencher pelo celular'!C120) | O23: =IF('Preencher pelo celular'!D120="","",'Preencher pelo celular'!D120) | P23: =IF('Preencher pelo celular'!F120="","",'Preencher pelo celular'!F120) | Q23: =IF('Preencher pelo celular'!C121="","",'Preencher pelo celular'!C121) | R23: =IF('Preencher pelo celular'!D121="","",'Preencher pelo celular'!D121) | S23: =IF('Preencher pelo celular'!F121="","",'Preencher pelo celular'!F121) | T23: =IF(COUNT(B23,E23,H23,K23,N23,Q23)=0,"",AVERAGE(B23,E23,H23,K23,N23,Q23)) | U23: =IF(COUNT(D23,G23,J23,M23,P23,S23)=0,"",AVERAGE(D23,G23,J23,M23,P23,S23)) | V23: =IF(COUNT(C23,F23,I23,L23,O23,R23)=0,"",SUM(C23,F23,I23,L23,O23,R23))
A24: ='Preencher pelo celular'!A122 -> 46310 | B24: =IF('Preencher pelo celular'!C122="","",'Preencher pelo celular'!C122) | C24: =IF('Preencher pelo celular'!D122="","",'Preencher pelo celular'!D122) | D24: =IF('Preencher pelo celular'!F122="","",'Preencher pelo celular'!F122) | E24: =IF('Preencher pelo celular'!C123="","",'Preencher pelo celular'!C123) | F24: =IF('Preencher pelo celular'!D123="","",'Preencher pelo celular'!D123) | G24: =IF('Preencher pelo celular'!F123="","",'Preencher pelo celular'!F123) | H24: =IF('Preencher pelo celular'!C124="","",'Preencher pelo celular'!C124) | I24: =IF('Preencher pelo celular'!D124="","",'Preencher pelo celular'!D124) | J24: =IF('Preencher pelo celular'!F124="","",'Preencher pelo celular'!F124) | K24: =IF('Preencher pelo celular'!C125="","",'Preencher pelo celular'!C125) | L24: =IF('Preencher pelo celular'!D125="","",'Preencher pelo celular'!D125) | M24: =IF('Preencher pelo celular'!F125="","",'Preencher pelo celular'!F125) | N24: =IF('Preencher pelo celular'!C126="","",'Preencher pelo celular'!C126) | O24: =IF('Preencher pelo celular'!D126="","",'Preencher pelo celular'!D126) | P24: =IF('Preencher pelo celular'!F126="","",'Preencher pelo celular'!F126) | Q24: =IF('Preencher pelo celular'!C127="","",'Preencher pelo celular'!C127) | R24: =IF('Preencher pelo celular'!D127="","",'Preencher pelo celular'!D127) | S24: =IF('Preencher pelo celular'!F127="","",'Preencher pelo celular'!F127) | T24: =IF(COUNT(B24,E24,H24,K24,N24,Q24)=0,"",AVERAGE(B24,E24,H24,K24,N24,Q24)) | U24: =IF(COUNT(D24,G24,J24,M24,P24,S24)=0,"",AVERAGE(D24,G24,J24,M24,P24,S24)) | V24: =IF(COUNT(C24,F24,I24,L24,O24,R24)=0,"",SUM(C24,F24,I24,L24,O24,R24))
A25: ='Preencher pelo celular'!A128 -> 46311 | B25: =IF('Preencher pelo celular'!C128="","",'Preencher pelo celular'!C128) | C25: =IF('Preencher pelo celular'!D128="","",'Preencher pelo celular'!D128) | D25: =IF('Preencher pelo celular'!F128="","",'Preencher pelo celular'!F128) | E25: =IF('Preencher pelo celular'!C129="","",'Preencher pelo celular'!C129) | F25: =IF('Preencher pelo celular'!D129="","",'Preencher pelo celular'!D129) | G25: =IF('Preencher pelo celular'!F129="","",'Preencher pelo celular'!F129) | H25: =IF('Preencher pelo celular'!C130="","",'Preencher pelo celular'!C130) | I25: =IF('Preencher pelo celular'!D130="","",'Preencher pelo celular'!D130) | J25: =IF('Preencher pelo celular'!F130="","",'Preencher pelo celular'!F130) | K25: =IF('Preencher pelo celular'!C131="","",'Preencher pelo celular'!C131) | L25: =IF('Preencher pelo celular'!D131="","",'Preencher pelo celular'!D131) | M25: =IF('Preencher pelo celular'!F131="","",'Preencher pelo celular'!F131) | N25: =IF('Preencher pelo celular'!C132="","",'Preencher pelo celular'!C132) | O25: =IF('Preencher pelo celular'!D132="","",'Preencher pelo celular'!D132) | P25: =IF('Preencher pelo celular'!F132="","",'Preencher pelo celular'!F132) | Q25: =IF('Preencher pelo celular'!C133="","",'Preencher pelo celular'!C133) | R25: =IF('Preencher pelo celular'!D133="","",'Preencher pelo celular'!D133) | S25: =IF('Preencher pelo celular'!F133="","",'Preencher pelo celular'!F133) | T25: =IF(COUNT(B25,E25,H25,K25,N25,Q25)=0,"",AVERAGE(B25,E25,H25,K25,N25,Q25)) | U25: =IF(COUNT(D25,G25,J25,M25,P25,S25)=0,"",AVERAGE(D25,G25,J25,M25,P25,S25)) | V25: =IF(COUNT(C25,F25,I25,L25,O25,R25)=0,"",SUM(C25,F25,I25,L25,O25,R25))
A26: ='Preencher pelo celular'!A134 -> 46312 | B26: =IF('Preencher pelo celular'!C134="","",'Preencher pelo celular'!C134) | C26: =IF('Preencher pelo celular'!D134="","",'Preencher pelo celular'!D134) | D26: =IF('Preencher pelo celular'!F134="","",'Preencher pelo celular'!F134) | E26: =IF('Preencher pelo celular'!C135="","",'Preencher pelo celular'!C135) | F26: =IF('Preencher pelo celular'!D135="","",'Preencher pelo celular'!D135) | G26: =IF('Preencher pelo celular'!F135="","",'Preencher pelo celular'!F135) | H26: =IF('Preencher pelo celular'!C136="","",'Preencher pelo celular'!C136) | I26: =IF('Preencher pelo celular'!D136="","",'Preencher pelo celular'!D136) | J26: =IF('Preencher pelo celular'!F136="","",'Preencher pelo celular'!F136) | K26: =IF('Preencher pelo celular'!C137="","",'Preencher pelo celular'!C137) | L26: =IF('Preencher pelo celular'!D137="","",'Preencher pelo celular'!D137) | M26: =IF('Preencher pelo celular'!F137="","",'Preencher pelo celular'!F137) | N26: =IF('Preencher pelo celular'!C138="","",'Preencher pelo celular'!C138) | O26: =IF('Preencher pelo celular'!D138="","",'Preencher pelo celular'!D138) | P26: =IF('Preencher pelo celular'!F138="","",'Preencher pelo celular'!F138) | Q26: =IF('Preencher pelo celular'!C139="","",'Preencher pelo celular'!C139) | R26: =IF('Preencher pelo celular'!D139="","",'Preencher pelo celular'!D139) | S26: =IF('Preencher pelo celular'!F139="","",'Preencher pelo celular'!F139) | T26: =IF(COUNT(B26,E26,H26,K26,N26,Q26)=0,"",AVERAGE(B26,E26,H26,K26,N26,Q26)) | U26: =IF(COUNT(D26,G26,J26,M26,P26,S26)=0,"",AVERAGE(D26,G26,J26,M26,P26,S26)) | V26: =IF(COUNT(C26,F26,I26,L26,O26,R26)=0,"",SUM(C26,F26,I26,L26,O26,R26))
A27: ='Preencher pelo celular'!A140 -> 46313 | B27: =IF('Preencher pelo celular'!C140="","",'Preencher pelo celular'!C140) | C27: =IF('Preencher pelo celular'!D140="","",'Preencher pelo celular'!D140) | D27: =IF('Preencher pelo celular'!F140="","",'Preencher pelo celular'!F140) | E27: =IF('Preencher pelo celular'!C141="","",'Preencher pelo celular'!C141) | F27: =IF('Preencher pelo celular'!D141="","",'Preencher pelo celular'!D141) | G27: =IF('Preencher pelo celular'!F141="","",'Preencher pelo celular'!F141) | H27: =IF('Preencher pelo celular'!C142="","",'Preencher pelo celular'!C142) | I27: =IF('Preencher pelo celular'!D142="","",'Preencher pelo celular'!D142) | J27: =IF('Preencher pelo celular'!F142="","",'Preencher pelo celular'!F142) | K27: =IF('Preencher pelo celular'!C143="","",'Preencher pelo celular'!C143) | L27: =IF('Preencher pelo celular'!D143="","",'Preencher pelo celular'!D143) | M27: =IF('Preencher pelo celular'!F143="","",'Preencher pelo celular'!F143) | N27: =IF('Preencher pelo celular'!C144="","",'Preencher pelo celular'!C144) | O27: =IF('Preencher pelo celular'!D144="","",'Preencher pelo celular'!D144) | P27: =IF('Preencher pelo celular'!F144="","",'Preencher pelo celular'!F144) | Q27: =IF('Preencher pelo celular'!C145="","",'Preencher pelo celular'!C145) | R27: =IF('Preencher pelo celular'!D145="","",'Preencher pelo celular'!D145) | S27: =IF('Preencher pelo celular'!F145="","",'Preencher pelo celular'!F145) | T27: =IF(COUNT(B27,E27,H27,K27,N27,Q27)=0,"",AVERAGE(B27,E27,H27,K27,N27,Q27)) | U27: =IF(COUNT(D27,G27,J27,M27,P27,S27)=0,"",AVERAGE(D27,G27,J27,M27,P27,S27)) | V27: =IF(COUNT(C27,F27,I27,L27,O27,R27)=0,"",SUM(C27,F27,I27,L27,O27,R27))
A28: ='Preencher pelo celular'!A146 -> 46314 | B28: =IF('Preencher pelo celular'!C146="","",'Preencher pelo celular'!C146) | C28: =IF('Preencher pelo celular'!D146="","",'Preencher pelo celular'!D146) | D28: =IF('Preencher pelo celular'!F146="","",'Preencher pelo celular'!F146) | E28: =IF('Preencher pelo celular'!C147="","",'Preencher pelo celular'!C147) | F28: =IF('Preencher pelo celular'!D147="","",'Preencher pelo celular'!D147) | G28: =IF('Preencher pelo celular'!F147="","",'Preencher pelo celular'!F147) | H28: =IF('Preencher pelo celular'!C148="","",'Preencher pelo celular'!C148) | I28: =IF('Preencher pelo celular'!D148="","",'Preencher pelo celular'!D148) | J28: =IF('Preencher pelo celular'!F148="","",'Preencher pelo celular'!F148) | K28: =IF('Preencher pelo celular'!C149="","",'Preencher pelo celular'!C149) | L28: =IF('Preencher pelo celular'!D149="","",'Preencher pelo celular'!D149) | M28: =IF('Preencher pelo celular'!F149="","",'Preencher pelo celular'!F149) | N28: =IF('Preencher pelo celular'!C150="","",'Preencher pelo celular'!C150) | O28: =IF('Preencher pelo celular'!D150="","",'Preencher pelo celular'!D150) | P28: =IF('Preencher pelo celular'!F150="","",'Preencher pelo celular'!F150) | Q28: =IF('Preencher pelo celular'!C151="","",'Preencher pelo celular'!C151) | R28: =IF('Preencher pelo celular'!D151="","",'Preencher pelo celular'!D151) | S28: =IF('Preencher pelo celular'!F151="","",'Preencher pelo celular'!F151) | T28: =IF(COUNT(B28,E28,H28,K28,N28,Q28)=0,"",AVERAGE(B28,E28,H28,K28,N28,Q28)) | U28: =IF(COUNT(D28,G28,J28,M28,P28,S28)=0,"",AVERAGE(D28,G28,J28,M28,P28,S28)) | V28: =IF(COUNT(C28,F28,I28,L28,O28,R28)=0,"",SUM(C28,F28,I28,L28,O28,R28))
A29: ='Preencher pelo celular'!A152 -> 46315 | B29: =IF('Preencher pelo celular'!C152="","",'Preencher pelo celular'!C152) | C29: =IF('Preencher pelo celular'!D152="","",'Preencher pelo celular'!D152) | D29: =IF('Preencher pelo celular'!F152="","",'Preencher pelo celular'!F152) | E29: =IF('Preencher pelo celular'!C153="","",'Preencher pelo celular'!C153) | F29: =IF('Preencher pelo celular'!D153="","",'Preencher pelo celular'!D153) | G29: =IF('Preencher pelo celular'!F153="","",'Preencher pelo celular'!F153) | H29: =IF('Preencher pelo celular'!C154="","",'Preencher pelo celular'!C154) | I29: =IF('Preencher pelo celular'!D154="","",'Preencher pelo celular'!D154) | J29: =IF('Preencher pelo celular'!F154="","",'Preencher pelo celular'!F154) | K29: =IF('Preencher pelo celular'!C155="","",'Preencher pelo celular'!C155) | L29: =IF('Preencher pelo celular'!D155="","",'Preencher pelo celular'!D155) | M29: =IF('Preencher pelo celular'!F155="","",'Preencher pelo celular'!F155) | N29: =IF('Preencher pelo celular'!C156="","",'Preencher pelo celular'!C156) | O29: =IF('Preencher pelo celular'!D156="","",'Preencher pelo celular'!D156) | P29: =IF('Preencher pelo celular'!F156="","",'Preencher pelo celular'!F156) | Q29: =IF('Preencher pelo celular'!C157="","",'Preencher pelo celular'!C157) | R29: =IF('Preencher pelo celular'!D157="","",'Preencher pelo celular'!D157) | S29: =IF('Preencher pelo celular'!F157="","",'Preencher pelo celular'!F157) | T29: =IF(COUNT(B29,E29,H29,K29,N29,Q29)=0,"",AVERAGE(B29,E29,H29,K29,N29,Q29)) | U29: =IF(COUNT(D29,G29,J29,M29,P29,S29)=0,"",AVERAGE(D29,G29,J29,M29,P29,S29)) | V29: =IF(COUNT(C29,F29,I29,L29,O29,R29)=0,"",SUM(C29,F29,I29,L29,O29,R29))
A30: ='Preencher pelo celular'!A158 -> 46316 | B30: =IF('Preencher pelo celular'!C158="","",'Preencher pelo celular'!C158) | C30: =IF('Preencher pelo celular'!D158="","",'Preencher pelo celular'!D158) | D30: =IF('Preencher pelo celular'!F158="","",'Preencher pelo celular'!F158) | E30: =IF('Preencher pelo celular'!C159="","",'Preencher pelo celular'!C159) | F30: =IF('Preencher pelo celular'!D159="","",'Preencher pelo celular'!D159) | G30: =IF('Preencher pelo celular'!F159="","",'Preencher pelo celular'!F159) | H30: =IF('Preencher pelo celular'!C160="","",'Preencher pelo celular'!C160) | I30: =IF('Preencher pelo celular'!D160="","",'Preencher pelo celular'!D160) | J30: =IF('Preencher pelo celular'!F160="","",'Preencher pelo celular'!F160) | K30: =IF('Preencher pelo celular'!C161="","",'Preencher pelo celular'!C161) | L30: =IF('Preencher pelo celular'!D161="","",'Preencher pelo celular'!D161) | M30: =IF('Preencher pelo celular'!F161="","",'Preencher pelo celular'!F161) | N30: =IF('Preencher pelo celular'!C162="","",'Preencher pelo celular'!C162) | O30: =IF('Preencher pelo celular'!D162="","",'Preencher pelo celular'!D162) | P30: =IF('Preencher pelo celular'!F162="","",'Preencher pelo celular'!F162) | Q30: =IF('Preencher pelo celular'!C163="","",'Preencher pelo celular'!C163) | R30: =IF('Preencher pelo celular'!D163="","",'Preencher pelo celular'!D163) | S30: =IF('Preencher pelo celular'!F163="","",'Preencher pelo celular'!F163) | T30: =IF(COUNT(B30,E30,H30,K30,N30,Q30)=0,"",AVERAGE(B30,E30,H30,K30,N30,Q30)) | U30: =IF(COUNT(D30,G30,J30,M30,P30,S30)=0,"",AVERAGE(D30,G30,J30,M30,P30,S30)) | V30: =IF(COUNT(C30,F30,I30,L30,O30,R30)=0,"",SUM(C30,F30,I30,L30,O30,R30))
A31: ='Preencher pelo celular'!A164 -> 46317 | B31: =IF('Preencher pelo celular'!C164="","",'Preencher pelo celular'!C164) | C31: =IF('Preencher pelo celular'!D164="","",'Preencher pelo celular'!D164) | D31: =IF('Preencher pelo celular'!F164="","",'Preencher pelo celular'!F164) | E31: =IF('Preencher pelo celular'!C165="","",'Preencher pelo celular'!C165) | F31: =IF('Preencher pelo celular'!D165="","",'Preencher pelo celular'!D165) | G31: =IF('Preencher pelo celular'!F165="","",'Preencher pelo celular'!F165) | H31: =IF('Preencher pelo celular'!C166="","",'Preencher pelo celular'!C166) | I31: =IF('Preencher pelo celular'!D166="","",'Preencher pelo celular'!D166) | J31: =IF('Preencher pelo celular'!F166="","",'Preencher pelo celular'!F166) | K31: =IF('Preencher pelo celular'!C167="","",'Preencher pelo celular'!C167) | L31: =IF('Preencher pelo celular'!D167="","",'Preencher pelo celular'!D167) | M31: =IF('Preencher pelo celular'!F167="","",'Preencher pelo celular'!F167) | N31: =IF('Preencher pelo celular'!C168="","",'Preencher pelo celular'!C168) | O31: =IF('Preencher pelo celular'!D168="","",'Preencher pelo celular'!D168) | P31: =IF('Preencher pelo celular'!F168="","",'Preencher pelo celular'!F168) | Q31: =IF('Preencher pelo celular'!C169="","",'Preencher pelo celular'!C169) | R31: =IF('Preencher pelo celular'!D169="","",'Preencher pelo celular'!D169) | S31: =IF('Preencher pelo celular'!F169="","",'Preencher pelo celular'!F169) | T31: =IF(COUNT(B31,E31,H31,K31,N31,Q31)=0,"",AVERAGE(B31,E31,H31,K31,N31,Q31)) | U31: =IF(COUNT(D31,G31,J31,M31,P31,S31)=0,"",AVERAGE(D31,G31,J31,M31,P31,S31)) | V31: =IF(COUNT(C31,F31,I31,L31,O31,R31)=0,"",SUM(C31,F31,I31,L31,O31,R31))
A32: ='Preencher pelo celular'!A170 -> 46318 | B32: =IF('Preencher pelo celular'!C170="","",'Preencher pelo celular'!C170) | C32: =IF('Preencher pelo celular'!D170="","",'Preencher pelo celular'!D170) | D32: =IF('Preencher pelo celular'!F170="","",'Preencher pelo celular'!F170) | E32: =IF('Preencher pelo celular'!C171="","",'Preencher pelo celular'!C171) | F32: =IF('Preencher pelo celular'!D171="","",'Preencher pelo celular'!D171) | G32: =IF('Preencher pelo celular'!F171="","",'Preencher pelo celular'!F171) | H32: =IF('Preencher pelo celular'!C172="","",'Preencher pelo celular'!C172) | I32: =IF('Preencher pelo celular'!D172="","",'Preencher pelo celular'!D172) | J32: =IF('Preencher pelo celular'!F172="","",'Preencher pelo celular'!F172) | K32: =IF('Preencher pelo celular'!C173="","",'Preencher pelo celular'!C173) | L32: =IF('Preencher pelo celular'!D173="","",'Preencher pelo celular'!D173) | M32: =IF('Preencher pelo celular'!F173="","",'Preencher pelo celular'!F173) | N32: =IF('Preencher pelo celular'!C174="","",'Preencher pelo celular'!C174) | O32: =IF('Preencher pelo celular'!D174="","",'Preencher pelo celular'!D174) | P32: =IF('Preencher pelo celular'!F174="","",'Preencher pelo celular'!F174) | Q32: =IF('Preencher pelo celular'!C175="","",'Preencher pelo celular'!C175) | R32: =IF('Preencher pelo celular'!D175="","",'Preencher pelo celular'!D175) | S32: =IF('Preencher pelo celular'!F175="","",'Preencher pelo celular'!F175) | T32: =IF(COUNT(B32,E32,H32,K32,N32,Q32)=0,"",AVERAGE(B32,E32,H32,K32,N32,Q32)) | U32: =IF(COUNT(D32,G32,J32,M32,P32,S32)=0,"",AVERAGE(D32,G32,J32,M32,P32,S32)) | V32: =IF(COUNT(C32,F32,I32,L32,O32,R32)=0,"",SUM(C32,F32,I32,L32,O32,R32))
A33: ='Preencher pelo celular'!A176 -> 46319 | B33: =IF('Preencher pelo celular'!C176="","",'Preencher pelo celular'!C176) | C33: =IF('Preencher pelo celular'!D176="","",'Preencher pelo celular'!D176) | D33: =IF('Preencher pelo celular'!F176="","",'Preencher pelo celular'!F176) | E33: =IF('Preencher pelo celular'!C177="","",'Preencher pelo celular'!C177) | F33: =IF('Preencher pelo celular'!D177="","",'Preencher pelo celular'!D177) | G33: =IF('Preencher pelo celular'!F177="","",'Preencher pelo celular'!F177) | H33: =IF('Preencher pelo celular'!C178="","",'Preencher pelo celular'!C178) | I33: =IF('Preencher pelo celular'!D178="","",'Preencher pelo celular'!D178) | J33: =IF('Preencher pelo celular'!F178="","",'Preencher pelo celular'!F178) | K33: =IF('Preencher pelo celular'!C179="","",'Preencher pelo celular'!C179) | L33: =IF('Preencher pelo celular'!D179="","",'Preencher pelo celular'!D179) | M33: =IF('Preencher pelo celular'!F179="","",'Preencher pelo celular'!F179) | N33: =IF('Preencher pelo celular'!C180="","",'Preencher pelo celular'!C180) | O33: =IF('Preencher pelo celular'!D180="","",'Preencher pelo celular'!D180) | P33: =IF('Preencher pelo celular'!F180="","",'Preencher pelo celular'!F180) | Q33: =IF('Preencher pelo celular'!C181="","",'Preencher pelo celular'!C181) | R33: =IF('Preencher pelo celular'!D181="","",'Preencher pelo celular'!D181) | S33: =IF('Preencher pelo celular'!F181="","",'Preencher pelo celular'!F181) | T33: =IF(COUNT(B33,E33,H33,K33,N33,Q33)=0,"",AVERAGE(B33,E33,H33,K33,N33,Q33)) | U33: =IF(COUNT(D33,G33,J33,M33,P33,S33)=0,"",AVERAGE(D33,G33,J33,M33,P33,S33)) | V33: =IF(COUNT(C33,F33,I33,L33,O33,R33)=0,"",SUM(C33,F33,I33,L33,O33,R33))
A34: ='Preencher pelo celular'!A182 -> 46320 | B34: =IF('Preencher pelo celular'!C182="","",'Preencher pelo celular'!C182) | C34: =IF('Preencher pelo celular'!D182="","",'Preencher pelo celular'!D182) | D34: =IF('Preencher pelo celular'!F182="","",'Preencher pelo celular'!F182) | E34: =IF('Preencher pelo celular'!C183="","",'Preencher pelo celular'!C183) | F34: =IF('Preencher pelo celular'!D183="","",'Preencher pelo celular'!D183) | G34: =IF('Preencher pelo celular'!F183="","",'Preencher pelo celular'!F183) | H34: =IF('Preencher pelo celular'!C184="","",'Preencher pelo celular'!C184) | I34: =IF('Preencher pelo celular'!D184="","",'Preencher pelo celular'!D184) | J34: =IF('Preencher pelo celular'!F184="","",'Preencher pelo celular'!F184) | K34: =IF('Preencher pelo celular'!C185="","",'Preencher pelo celular'!C185) | L34: =IF('Preencher pelo celular'!D185="","",'Preencher pelo celular'!D185) | M34: =IF('Preencher pelo celular'!F185="","",'Preencher pelo celular'!F185) | N34: =IF('Preencher pelo celular'!C186="","",'Preencher pelo celular'!C186) | O34: =IF('Preencher pelo celular'!D186="","",'Preencher pelo celular'!D186) | P34: =IF('Preencher pelo celular'!F186="","",'Preencher pelo celular'!F186) | Q34: =IF('Preencher pelo celular'!C187="","",'Preencher pelo celular'!C187) | R34: =IF('Preencher pelo celular'!D187="","",'Preencher pelo celular'!D187) | S34: =IF('Preencher pelo celular'!F187="","",'Preencher pelo celular'!F187) | T34: =IF(COUNT(B34,E34,H34,K34,N34,Q34)=0,"",AVERAGE(B34,E34,H34,K34,N34,Q34)) | U34: =IF(COUNT(D34,G34,J34,M34,P34,S34)=0,"",AVERAGE(D34,G34,J34,M34,P34,S34)) | V34: =IF(COUNT(C34,F34,I34,L34,O34,R34)=0,"",SUM(C34,F34,I34,L34,O34,R34))
A35: ='Preencher pelo celular'!A188 -> 46321 | B35: =IF('Preencher pelo celular'!C188="","",'Preencher pelo celular'!C188) | C35: =IF('Preencher pelo celular'!D188="","",'Preencher pelo celular'!D188) | D35: =IF('Preencher pelo celular'!F188="","",'Preencher pelo celular'!F188) | E35: =IF('Preencher pelo celular'!C189="","",'Preencher pelo celular'!C189) | F35: =IF('Preencher pelo celular'!D189="","",'Preencher pelo celular'!D189) | G35: =IF('Preencher pelo celular'!F189="","",'Preencher pelo celular'!F189) | H35: =IF('Preencher pelo celular'!C190="","",'Preencher pelo celular'!C190) | I35: =IF('Preencher pelo celular'!D190="","",'Preencher pelo celular'!D190) | J35: =IF('Preencher pelo celular'!F190="","",'Preencher pelo celular'!F190) | K35: =IF('Preencher pelo celular'!C191="","",'Preencher pelo celular'!C191) | L35: =IF('Preencher pelo celular'!D191="","",'Preencher pelo celular'!D191) | M35: =IF('Preencher pelo celular'!F191="","",'Preencher pelo celular'!F191) | N35: =IF('Preencher pelo celular'!C192="","",'Preencher pelo celular'!C192) | O35: =IF('Preencher pelo celular'!D192="","",'Preencher pelo celular'!D192) | P35: =IF('Preencher pelo celular'!F192="","",'Preencher pelo celular'!F192) | Q35: =IF('Preencher pelo celular'!C193="","",'Preencher pelo celular'!C193) | R35: =IF('Preencher pelo celular'!D193="","",'Preencher pelo celular'!D193) | S35: =IF('Preencher pelo celular'!F193="","",'Preencher pelo celular'!F193) | T35: =IF(COUNT(B35,E35,H35,K35,N35,Q35)=0,"",AVERAGE(B35,E35,H35,K35,N35,Q35)) | U35: =IF(COUNT(D35,G35,J35,M35,P35,S35)=0,"",AVERAGE(D35,G35,J35,M35,P35,S35)) | V35: =IF(COUNT(C35,F35,I35,L35,O35,R35)=0,"",SUM(C35,F35,I35,L35,O35,R35))
A36: ='Preencher pelo celular'!A194 -> 46322 | B36: =IF('Preencher pelo celular'!C194="","",'Preencher pelo celular'!C194) | C36: =IF('Preencher pelo celular'!D194="","",'Preencher pelo celular'!D194) | D36: =IF('Preencher pelo celular'!F194="","",'Preencher pelo celular'!F194) | E36: =IF('Preencher pelo celular'!C195="","",'Preencher pelo celular'!C195) | F36: =IF('Preencher pelo celular'!D195="","",'Preencher pelo celular'!D195) | G36: =IF('Preencher pelo celular'!F195="","",'Preencher pelo celular'!F195) | H36: =IF('Preencher pelo celular'!C196="","",'Preencher pelo celular'!C196) | I36: =IF('Preencher pelo celular'!D196="","",'Preencher pelo celular'!D196) | J36: =IF('Preencher pelo celular'!F196="","",'Preencher pelo celular'!F196) | K36: =IF('Preencher pelo celular'!C197="","",'Preencher pelo celular'!C197) | L36: =IF('Preencher pelo celular'!D197="","",'Preencher pelo celular'!D197) | M36: =IF('Preencher pelo celular'!F197="","",'Preencher pelo celular'!F197) | N36: =IF('Preencher pelo celular'!C198="","",'Preencher pelo celular'!C198) | O36: =IF('Preencher pelo celular'!D198="","",'Preencher pelo celular'!D198) | P36: =IF('Preencher pelo celular'!F198="","",'Preencher pelo celular'!F198) | Q36: =IF('Preencher pelo celular'!C199="","",'Preencher pelo celular'!C199) | R36: =IF('Preencher pelo celular'!D199="","",'Preencher pelo celular'!D199) | S36: =IF('Preencher pelo celular'!F199="","",'Preencher pelo celular'!F199) | T36: =IF(COUNT(B36,E36,H36,K36,N36,Q36)=0,"",AVERAGE(B36,E36,H36,K36,N36,Q36)) | U36: =IF(COUNT(D36,G36,J36,M36,P36,S36)=0,"",AVERAGE(D36,G36,J36,M36,P36,S36)) | V36: =IF(COUNT(C36,F36,I36,L36,O36,R36)=0,"",SUM(C36,F36,I36,L36,O36,R36))
A37: ='Preencher pelo celular'!A200 -> 46323 | B37: =IF('Preencher pelo celular'!C200="","",'Preencher pelo celular'!C200) | C37: =IF('Preencher pelo celular'!D200="","",'Preencher pelo celular'!D200) | D37: =IF('Preencher pelo celular'!F200="","",'Preencher pelo celular'!F200) | E37: =IF('Preencher pelo celular'!C201="","",'Preencher pelo celular'!C201) | F37: =IF('Preencher pelo celular'!D201="","",'Preencher pelo celular'!D201) | G37: =IF('Preencher pelo celular'!F201="","",'Preencher pelo celular'!F201) | H37: =IF('Preencher pelo celular'!C202="","",'Preencher pelo celular'!C202) | I37: =IF('Preencher pelo celular'!D202="","",'Preencher pelo celular'!D202) | J37: =IF('Preencher pelo celular'!F202="","",'Preencher pelo celular'!F202) | K37: =IF('Preencher pelo celular'!C203="","",'Preencher pelo celular'!C203) | L37: =IF('Preencher pelo celular'!D203="","",'Preencher pelo celular'!D203) | M37: =IF('Preencher pelo celular'!F203="","",'Preencher pelo celular'!F203) | N37: =IF('Preencher pelo celular'!C204="","",'Preencher pelo celular'!C204) | O37: =IF('Preencher pelo celular'!D204="","",'Preencher pelo celular'!D204) | P37: =IF('Preencher pelo celular'!F204="","",'Preencher pelo celular'!F204) | Q37: =IF('Preencher pelo celular'!C205="","",'Preencher pelo celular'!C205) | R37: =IF('Preencher pelo celular'!D205="","",'Preencher pelo celular'!D205) | S37: =IF('Preencher pelo celular'!F205="","",'Preencher pelo celular'!F205) | T37: =IF(COUNT(B37,E37,H37,K37,N37,Q37)=0,"",AVERAGE(B37,E37,H37,K37,N37,Q37)) | U37: =IF(COUNT(D37,G37,J37,M37,P37,S37)=0,"",AVERAGE(D37,G37,J37,M37,P37,S37)) | V37: =IF(COUNT(C37,F37,I37,L37,O37,R37)=0,"",SUM(C37,F37,I37,L37,O37,R37))
A38: ='Preencher pelo celular'!A206 -> 46324 | B38: =IF('Preencher pelo celular'!C206="","",'Preencher pelo celular'!C206) | C38: =IF('Preencher pelo celular'!D206="","",'Preencher pelo celular'!D206) | D38: =IF('Preencher pelo celular'!F206="","",'Preencher pelo celular'!F206) | E38: =IF('Preencher pelo celular'!C207="","",'Preencher pelo celular'!C207) | F38: =IF('Preencher pelo celular'!D207="","",'Preencher pelo celular'!D207) | G38: =IF('Preencher pelo celular'!F207="","",'Preencher pelo celular'!F207) | H38: =IF('Preencher pelo celular'!C208="","",'Preencher pelo celular'!C208) | I38: =IF('Preencher pelo celular'!D208="","",'Preencher pelo celular'!D208) | J38: =IF('Preencher pelo celular'!F208="","",'Preencher pelo celular'!F208) | K38: =IF('Preencher pelo celular'!C209="","",'Preencher pelo celular'!C209) | L38: =IF('Preencher pelo celular'!D209="","",'Preencher pelo celular'!D209) | M38: =IF('Preencher pelo celular'!F209="","",'Preencher pelo celular'!F209) | N38: =IF('Preencher pelo celular'!C210="","",'Preencher pelo celular'!C210) | O38: =IF('Preencher pelo celular'!D210="","",'Preencher pelo celular'!D210) | P38: =IF('Preencher pelo celular'!F210="","",'Preencher pelo celular'!F210) | Q38: =IF('Preencher pelo celular'!C211="","",'Preencher pelo celular'!C211) | R38: =IF('Preencher pelo celular'!D211="","",'Preencher pelo celular'!D211) | S38: =IF('Preencher pelo celular'!F211="","",'Preencher pelo celular'!F211) | T38: =IF(COUNT(B38,E38,H38,K38,N38,Q38)=0,"",AVERAGE(B38,E38,H38,K38,N38,Q38)) | U38: =IF(COUNT(D38,G38,J38,M38,P38,S38)=0,"",AVERAGE(D38,G38,J38,M38,P38,S38)) | V38: =IF(COUNT(C38,F38,I38,L38,O38,R38)=0,"",SUM(C38,F38,I38,L38,O38,R38))
A39: ='Preencher pelo celular'!A212 -> 46325 | B39: =IF('Preencher pelo celular'!C212="","",'Preencher pelo celular'!C212) | C39: =IF('Preencher pelo celular'!D212="","",'Preencher pelo celular'!D212) | D39: =IF('Preencher pelo celular'!F212="","",'Preencher pelo celular'!F212) | E39: =IF('Preencher pelo celular'!C213="","",'Preencher pelo celular'!C213) | F39: =IF('Preencher pelo celular'!D213="","",'Preencher pelo celular'!D213) | G39: =IF('Preencher pelo celular'!F213="","",'Preencher pelo celular'!F213) | H39: =IF('Preencher pelo celular'!C214="","",'Preencher pelo celular'!C214) | I39: =IF('Preencher pelo celular'!D214="","",'Preencher pelo celular'!D214) | J39: =IF('Preencher pelo celular'!F214="","",'Preencher pelo celular'!F214) | K39: =IF('Preencher pelo celular'!C215="","",'Preencher pelo celular'!C215) | L39: =IF('Preencher pelo celular'!D215="","",'Preencher pelo celular'!D215) | M39: =IF('Preencher pelo celular'!F215="","",'Preencher pelo celular'!F215) | N39: =IF('Preencher pelo celular'!C216="","",'Preencher pelo celular'!C216) | O39: =IF('Preencher pelo celular'!D216="","",'Preencher pelo celular'!D216) | P39: =IF('Preencher pelo celular'!F216="","",'Preencher pelo celular'!F216) | Q39: =IF('Preencher pelo celular'!C217="","",'Preencher pelo celular'!C217) | R39: =IF('Preencher pelo celular'!D217="","",'Preencher pelo celular'!D217) | S39: =IF('Preencher pelo celular'!F217="","",'Preencher pelo celular'!F217) | T39: =IF(COUNT(B39,E39,H39,K39,N39,Q39)=0,"",AVERAGE(B39,E39,H39,K39,N39,Q39)) | U39: =IF(COUNT(D39,G39,J39,M39,P39,S39)=0,"",AVERAGE(D39,G39,J39,M39,P39,S39)) | V39: =IF(COUNT(C39,F39,I39,L39,O39,R39)=0,"",SUM(C39,F39,I39,L39,O39,R39))
A40: ='Preencher pelo celular'!A218 -> 46326 | B40: =IF('Preencher pelo celular'!C218="","",'Preencher pelo celular'!C218) | C40: =IF('Preencher pelo celular'!D218="","",'Preencher pelo celular'!D218) | D40: =IF('Preencher pelo celular'!F218="","",'Preencher pelo celular'!F218) | E40: =IF('Preencher pelo celular'!C219="","",'Preencher pelo celular'!C219) | F40: =IF('Preencher pelo celular'!D219="","",'Preencher pelo celular'!D219) | G40: =IF('Preencher pelo celular'!F219="","",'Preencher pelo celular'!F219) | H40: =IF('Preencher pelo celular'!C220="","",'Preencher pelo celular'!C220) | I40: =IF('Preencher pelo celular'!D220="","",'Preencher pelo celular'!D220) | J40: =IF('Preencher pelo celular'!F220="","",'Preencher pelo celular'!F220) | K40: =IF('Preencher pelo celular'!C221="","",'Preencher pelo celular'!C221) | L40: =IF('Preencher pelo celular'!D221="","",'Preencher pelo celular'!D221) | M40: =IF('Preencher pelo celular'!F221="","",'Preencher pelo celular'!F221) | N40: =IF('Preencher pelo celular'!C222="","",'Preencher pelo celular'!C222) | O40: =IF('Preencher pelo celular'!D222="","",'Preencher pelo celular'!D222) | P40: =IF('Preencher pelo celular'!F222="","",'Preencher pelo celular'!F222) | Q40: =IF('Preencher pelo celular'!C223="","",'Preencher pelo celular'!C223) | R40: =IF('Preencher pelo celular'!D223="","",'Preencher pelo celular'!D223) | S40: =IF('Preencher pelo celular'!F223="","",'Preencher pelo celular'!F223) | T40: =IF(COUNT(B40,E40,H40,K40,N40,Q40)=0,"",AVERAGE(B40,E40,H40,K40,N40,Q40)) | U40: =IF(COUNT(D40,G40,J40,M40,P40,S40)=0,"",AVERAGE(D40,G40,J40,M40,P40,S40)) | V40: =IF(COUNT(C40,F40,I40,L40,O40,R40)=0,"",SUM(C40,F40,I40,L40,O40,R40))
A41: ='Preencher pelo celular'!A224 -> 46327 | B41: =IF('Preencher pelo celular'!C224="","",'Preencher pelo celular'!C224) | C41: =IF('Preencher pelo celular'!D224="","",'Preencher pelo celular'!D224) | D41: =IF('Preencher pelo celular'!F224="","",'Preencher pelo celular'!F224) | E41: =IF('Preencher pelo celular'!C225="","",'Preencher pelo celular'!C225) | F41: =IF('Preencher pelo celular'!D225="","",'Preencher pelo celular'!D225) | G41: =IF('Preencher pelo celular'!F225="","",'Preencher pelo celular'!F225) | H41: =IF('Preencher pelo celular'!C226="","",'Preencher pelo celular'!C226) | I41: =IF('Preencher pelo celular'!D226="","",'Preencher pelo celular'!D226) | J41: =IF('Preencher pelo celular'!F226="","",'Preencher pelo celular'!F226) | K41: =IF('Preencher pelo celular'!C227="","",'Preencher pelo celular'!C227) | L41: =IF('Preencher pelo celular'!D227="","",'Preencher pelo celular'!D227) | M41: =IF('Preencher pelo celular'!F227="","",'Preencher pelo celular'!F227) | N41: =IF('Preencher pelo celular'!C228="","",'Preencher pelo celular'!C228) | O41: =IF('Preencher pelo celular'!D228="","",'Preencher pelo celular'!D228) | P41: =IF('Preencher pelo celular'!F228="","",'Preencher pelo celular'!F228) | Q41: =IF('Preencher pelo celular'!C229="","",'Preencher pelo celular'!C229) | R41: =IF('Preencher pelo celular'!D229="","",'Preencher pelo celular'!D229) | S41: =IF('Preencher pelo celular'!F229="","",'Preencher pelo celular'!F229) | T41: =IF(COUNT(B41,E41,H41,K41,N41,Q41)=0,"",AVERAGE(B41,E41,H41,K41,N41,Q41)) | U41: =IF(COUNT(D41,G41,J41,M41,P41,S41)=0,"",AVERAGE(D41,G41,J41,M41,P41,S41)) | V41: =IF(COUNT(C41,F41,I41,L41,O41,R41)=0,"",SUM(C41,F41,I41,L41,O41,R41))
A42: ='Preencher pelo celular'!A230 -> 46328 | B42: =IF('Preencher pelo celular'!C230="","",'Preencher pelo celular'!C230) | C42: =IF('Preencher pelo celular'!D230="","",'Preencher pelo celular'!D230) | D42: =IF('Preencher pelo celular'!F230="","",'Preencher pelo celular'!F230) | E42: =IF('Preencher pelo celular'!C231="","",'Preencher pelo celular'!C231) | F42: =IF('Preencher pelo celular'!D231="","",'Preencher pelo celular'!D231) | G42: =IF('Preencher pelo celular'!F231="","",'Preencher pelo celular'!F231) | H42: =IF('Preencher pelo celular'!C232="","",'Preencher pelo celular'!C232) | I42: =IF('Preencher pelo celular'!D232="","",'Preencher pelo celular'!D232) | J42: =IF('Preencher pelo celular'!F232="","",'Preencher pelo celular'!F232) | K42: =IF('Preencher pelo celular'!C233="","",'Preencher pelo celular'!C233) | L42: =IF('Preencher pelo celular'!D233="","",'Preencher pelo celular'!D233) | M42: =IF('Preencher pelo celular'!F233="","",'Preencher pelo celular'!F233) | N42: =IF('Preencher pelo celular'!C234="","",'Preencher pelo celular'!C234) | O42: =IF('Preencher pelo celular'!D234="","",'Preencher pelo celular'!D234) | P42: =IF('Preencher pelo celular'!F234="","",'Preencher pelo celular'!F234) | Q42: =IF('Preencher pelo celular'!C235="","",'Preencher pelo celular'!C235) | R42: =IF('Preencher pelo celular'!D235="","",'Preencher pelo celular'!D235) | S42: =IF('Preencher pelo celular'!F235="","",'Preencher pelo celular'!F235) | T42: =IF(COUNT(B42,E42,H42,K42,N42,Q42)=0,"",AVERAGE(B42,E42,H42,K42,N42,Q42)) | U42: =IF(COUNT(D42,G42,J42,M42,P42,S42)=0,"",AVERAGE(D42,G42,J42,M42,P42,S42)) | V42: =IF(COUNT(C42,F42,I42,L42,O42,R42)=0,"",SUM(C42,F42,I42,L42,O42,R42))
A43: ='Preencher pelo celular'!A236 -> 46329 | B43: =IF('Preencher pelo celular'!C236="","",'Preencher pelo celular'!C236) | C43: =IF('Preencher pelo celular'!D236="","",'Preencher pelo celular'!D236) | D43: =IF('Preencher pelo celular'!F236="","",'Preencher pelo celular'!F236) | E43: =IF('Preencher pelo celular'!C237="","",'Preencher pelo celular'!C237) | F43: =IF('Preencher pelo celular'!D237="","",'Preencher pelo celular'!D237) | G43: =IF('Preencher pelo celular'!F237="","",'Preencher pelo celular'!F237) | H43: =IF('Preencher pelo celular'!C238="","",'Preencher pelo celular'!C238) | I43: =IF('Preencher pelo celular'!D238="","",'Preencher pelo celular'!D238) | J43: =IF('Preencher pelo celular'!F238="","",'Preencher pelo celular'!F238) | K43: =IF('Preencher pelo celular'!C239="","",'Preencher pelo celular'!C239) | L43: =IF('Preencher pelo celular'!D239="","",'Preencher pelo celular'!D239) | M43: =IF('Preencher pelo celular'!F239="","",'Preencher pelo celular'!F239) | N43: =IF('Preencher pelo celular'!C240="","",'Preencher pelo celular'!C240) | O43: =IF('Preencher pelo celular'!D240="","",'Preencher pelo celular'!D240) | P43: =IF('Preencher pelo celular'!F240="","",'Preencher pelo celular'!F240) | Q43: =IF('Preencher pelo celular'!C241="","",'Preencher pelo celular'!C241) | R43: =IF('Preencher pelo celular'!D241="","",'Preencher pelo celular'!D241) | S43: =IF('Preencher pelo celular'!F241="","",'Preencher pelo celular'!F241) | T43: =IF(COUNT(B43,E43,H43,K43,N43,Q43)=0,"",AVERAGE(B43,E43,H43,K43,N43,Q43)) | U43: =IF(COUNT(D43,G43,J43,M43,P43,S43)=0,"",AVERAGE(D43,G43,J43,M43,P43,S43)) | V43: =IF(COUNT(C43,F43,I43,L43,O43,R43)=0,"",SUM(C43,F43,I43,L43,O43,R43))
A44: ='Preencher pelo celular'!A242 -> 46330 | B44: =IF('Preencher pelo celular'!C242="","",'Preencher pelo celular'!C242) | C44: =IF('Preencher pelo celular'!D242="","",'Preencher pelo celular'!D242) | D44: =IF('Preencher pelo celular'!F242="","",'Preencher pelo celular'!F242) | E44: =IF('Preencher pelo celular'!C243="","",'Preencher pelo celular'!C243) | F44: =IF('Preencher pelo celular'!D243="","",'Preencher pelo celular'!D243) | G44: =IF('Preencher pelo celular'!F243="","",'Preencher pelo celular'!F243) | H44: =IF('Preencher pelo celular'!C244="","",'Preencher pelo celular'!C244) | I44: =IF('Preencher pelo celular'!D244="","",'Preencher pelo celular'!D244) | J44: =IF('Preencher pelo celular'!F244="","",'Preencher pelo celular'!F244) | K44: =IF('Preencher pelo celular'!C245="","",'Preencher pelo celular'!C245) | L44: =IF('Preencher pelo celular'!D245="","",'Preencher pelo celular'!D245) | M44: =IF('Preencher pelo celular'!F245="","",'Preencher pelo celular'!F245) | N44: =IF('Preencher pelo celular'!C246="","",'Preencher pelo celular'!C246) | O44: =IF('Preencher pelo celular'!D246="","",'Preencher pelo celular'!D246) | P44: =IF('Preencher pelo celular'!F246="","",'Preencher pelo celular'!F246) | Q44: =IF('Preencher pelo celular'!C247="","",'Preencher pelo celular'!C247) | R44: =IF('Preencher pelo celular'!D247="","",'Preencher pelo celular'!D247) | S44: =IF('Preencher pelo celular'!F247="","",'Preencher pelo celular'!F247) | T44: =IF(COUNT(B44,E44,H44,K44,N44,Q44)=0,"",AVERAGE(B44,E44,H44,K44,N44,Q44)) | U44: =IF(COUNT(D44,G44,J44,M44,P44,S44)=0,"",AVERAGE(D44,G44,J44,M44,P44,S44)) | V44: =IF(COUNT(C44,F44,I44,L44,O44,R44)=0,"",SUM(C44,F44,I44,L44,O44,R44))
A45: ='Preencher pelo celular'!A248 -> 46331 | B45: =IF('Preencher pelo celular'!C248="","",'Preencher pelo celular'!C248) | C45: =IF('Preencher pelo celular'!D248="","",'Preencher pelo celular'!D248) | D45: =IF('Preencher pelo celular'!F248="","",'Preencher pelo celular'!F248) | E45: =IF('Preencher pelo celular'!C249="","",'Preencher pelo celular'!C249) | F45: =IF('Preencher pelo celular'!D249="","",'Preencher pelo celular'!D249) | G45: =IF('Preencher pelo celular'!F249="","",'Preencher pelo celular'!F249) | H45: =IF('Preencher pelo celular'!C250="","",'Preencher pelo celular'!C250) | I45: =IF('Preencher pelo celular'!D250="","",'Preencher pelo celular'!D250) | J45: =IF('Preencher pelo celular'!F250="","",'Preencher pelo celular'!F250) | K45: =IF('Preencher pelo celular'!C251="","",'Preencher pelo celular'!C251) | L45: =IF('Preencher pelo celular'!D251="","",'Preencher pelo celular'!D251) | M45: =IF('Preencher pelo celular'!F251="","",'Preencher pelo celular'!F251) | N45: =IF('Preencher pelo celular'!C252="","",'Preencher pelo celular'!C252) | O45: =IF('Preencher pelo celular'!D252="","",'Preencher pelo celular'!D252) | P45: =IF('Preencher pelo celular'!F252="","",'Preencher pelo celular'!F252) | Q45: =IF('Preencher pelo celular'!C253="","",'Preencher pelo celular'!C253) | R45: =IF('Preencher pelo celular'!D253="","",'Preencher pelo celular'!D253) | S45: =IF('Preencher pelo celular'!F253="","",'Preencher pelo celular'!F253) | T45: =IF(COUNT(B45,E45,H45,K45,N45,Q45)=0,"",AVERAGE(B45,E45,H45,K45,N45,Q45)) | U45: =IF(COUNT(D45,G45,J45,M45,P45,S45)=0,"",AVERAGE(D45,G45,J45,M45,P45,S45)) | V45: =IF(COUNT(C45,F45,I45,L45,O45,R45)=0,"",SUM(C45,F45,I45,L45,O45,R45))
A46: ='Preencher pelo celular'!A254 -> 46332 | B46: =IF('Preencher pelo celular'!C254="","",'Preencher pelo celular'!C254) | C46: =IF('Preencher pelo celular'!D254="","",'Preencher pelo celular'!D254) | D46: =IF('Preencher pelo celular'!F254="","",'Preencher pelo celular'!F254) | E46: =IF('Preencher pelo celular'!C255="","",'Preencher pelo celular'!C255) | F46: =IF('Preencher pelo celular'!D255="","",'Preencher pelo celular'!D255) | G46: =IF('Preencher pelo celular'!F255="","",'Preencher pelo celular'!F255) | H46: =IF('Preencher pelo celular'!C256="","",'Preencher pelo celular'!C256) | I46: =IF('Preencher pelo celular'!D256="","",'Preencher pelo celular'!D256) | J46: =IF('Preencher pelo celular'!F256="","",'Preencher pelo celular'!F256) | K46: =IF('Preencher pelo celular'!C257="","",'Preencher pelo celular'!C257) | L46: =IF('Preencher pelo celular'!D257="","",'Preencher pelo celular'!D257) | M46: =IF('Preencher pelo celular'!F257="","",'Preencher pelo celular'!F257) | N46: =IF('Preencher pelo celular'!C258="","",'Preencher pelo celular'!C258) | O46: =IF('Preencher pelo celular'!D258="","",'Preencher pelo celular'!D258) | P46: =IF('Preencher pelo celular'!F258="","",'Preencher pelo celular'!F258) | Q46: =IF('Preencher pelo celular'!C259="","",'Preencher pelo celular'!C259) | R46: =IF('Preencher pelo celular'!D259="","",'Preencher pelo celular'!D259) | S46: =IF('Preencher pelo celular'!F259="","",'Preencher pelo celular'!F259) | T46: =IF(COUNT(B46,E46,H46,K46,N46,Q46)=0,"",AVERAGE(B46,E46,H46,K46,N46,Q46)) | U46: =IF(COUNT(D46,G46,J46,M46,P46,S46)=0,"",AVERAGE(D46,G46,J46,M46,P46,S46)) | V46: =IF(COUNT(C46,F46,I46,L46,O46,R46)=0,"",SUM(C46,F46,I46,L46,O46,R46))
A47: ='Preencher pelo celular'!A260 -> 46333 | B47: =IF('Preencher pelo celular'!C260="","",'Preencher pelo celular'!C260) | C47: =IF('Preencher pelo celular'!D260="","",'Preencher pelo celular'!D260) | D47: =IF('Preencher pelo celular'!F260="","",'Preencher pelo celular'!F260) | E47: =IF('Preencher pelo celular'!C261="","",'Preencher pelo celular'!C261) | F47: =IF('Preencher pelo celular'!D261="","",'Preencher pelo celular'!D261) | G47: =IF('Preencher pelo celular'!F261="","",'Preencher pelo celular'!F261) | H47: =IF('Preencher pelo celular'!C262="","",'Preencher pelo celular'!C262) | I47: =IF('Preencher pelo celular'!D262="","",'Preencher pelo celular'!D262) | J47: =IF('Preencher pelo celular'!F262="","",'Preencher pelo celular'!F262) | K47: =IF('Preencher pelo celular'!C263="","",'Preencher pelo celular'!C263) | L47: =IF('Preencher pelo celular'!D263="","",'Preencher pelo celular'!D263) | M47: =IF('Preencher pelo celular'!F263="","",'Preencher pelo celular'!F263) | N47: =IF('Preencher pelo celular'!C264="","",'Preencher pelo celular'!C264) | O47: =IF('Preencher pelo celular'!D264="","",'Preencher pelo celular'!D264) | P47: =IF('Preencher pelo celular'!F264="","",'Preencher pelo celular'!F264) | Q47: =IF('Preencher pelo celular'!C265="","",'Preencher pelo celular'!C265) | R47: =IF('Preencher pelo celular'!D265="","",'Preencher pelo celular'!D265) | S47: =IF('Preencher pelo celular'!F265="","",'Preencher pelo celular'!F265) | T47: =IF(COUNT(B47,E47,H47,K47,N47,Q47)=0,"",AVERAGE(B47,E47,H47,K47,N47,Q47)) | U47: =IF(COUNT(D47,G47,J47,M47,P47,S47)=0,"",AVERAGE(D47,G47,J47,M47,P47,S47)) | V47: =IF(COUNT(C47,F47,I47,L47,O47,R47)=0,"",SUM(C47,F47,I47,L47,O47,R47))
A48: ='Preencher pelo celular'!A266 -> 46334 | B48: =IF('Preencher pelo celular'!C266="","",'Preencher pelo celular'!C266) | C48: =IF('Preencher pelo celular'!D266="","",'Preencher pelo celular'!D266) | D48: =IF('Preencher pelo celular'!F266="","",'Preencher pelo celular'!F266) | E48: =IF('Preencher pelo celular'!C267="","",'Preencher pelo celular'!C267) | F48: =IF('Preencher pelo celular'!D267="","",'Preencher pelo celular'!D267) | G48: =IF('Preencher pelo celular'!F267="","",'Preencher pelo celular'!F267) | H48: =IF('Preencher pelo celular'!C268="","",'Preencher pelo celular'!C268) | I48: =IF('Preencher pelo celular'!D268="","",'Preencher pelo celular'!D268) | J48: =IF('Preencher pelo celular'!F268="","",'Preencher pelo celular'!F268) | K48: =IF('Preencher pelo celular'!C269="","",'Preencher pelo celular'!C269) | L48: =IF('Preencher pelo celular'!D269="","",'Preencher pelo celular'!D269) | M48: =IF('Preencher pelo celular'!F269="","",'Preencher pelo celular'!F269) | N48: =IF('Preencher pelo celular'!C270="","",'Preencher pelo celular'!C270) | O48: =IF('Preencher pelo celular'!D270="","",'Preencher pelo celular'!D270) | P48: =IF('Preencher pelo celular'!F270="","",'Preencher pelo celular'!F270) | Q48: =IF('Preencher pelo celular'!C271="","",'Preencher pelo celular'!C271) | R48: =IF('Preencher pelo celular'!D271="","",'Preencher pelo celular'!D271) | S48: =IF('Preencher pelo celular'!F271="","",'Preencher pelo celular'!F271) | T48: =IF(COUNT(B48,E48,H48,K48,N48,Q48)=0,"",AVERAGE(B48,E48,H48,K48,N48,Q48)) | U48: =IF(COUNT(D48,G48,J48,M48,P48,S48)=0,"",AVERAGE(D48,G48,J48,M48,P48,S48)) | V48: =IF(COUNT(C48,F48,I48,L48,O48,R48)=0,"",SUM(C48,F48,I48,L48,O48,R48))
A49: ='Preencher pelo celular'!A272 -> 46335 | B49: =IF('Preencher pelo celular'!C272="","",'Preencher pelo celular'!C272) | C49: =IF('Preencher pelo celular'!D272="","",'Preencher pelo celular'!D272) | D49: =IF('Preencher pelo celular'!F272="","",'Preencher pelo celular'!F272) | E49: =IF('Preencher pelo celular'!C273="","",'Preencher pelo celular'!C273) | F49: =IF('Preencher pelo celular'!D273="","",'Preencher pelo celular'!D273) | G49: =IF('Preencher pelo celular'!F273="","",'Preencher pelo celular'!F273) | H49: =IF('Preencher pelo celular'!C274="","",'Preencher pelo celular'!C274) | I49: =IF('Preencher pelo celular'!D274="","",'Preencher pelo celular'!D274) | J49: =IF('Preencher pelo celular'!F274="","",'Preencher pelo celular'!F274) | K49: =IF('Preencher pelo celular'!C275="","",'Preencher pelo celular'!C275) | L49: =IF('Preencher pelo celular'!D275="","",'Preencher pelo celular'!D275) | M49: =IF('Preencher pelo celular'!F275="","",'Preencher pelo celular'!F275) | N49: =IF('Preencher pelo celular'!C276="","",'Preencher pelo celular'!C276) | O49: =IF('Preencher pelo celular'!D276="","",'Preencher pelo celular'!D276) | P49: =IF('Preencher pelo celular'!F276="","",'Preencher pelo celular'!F276) | Q49: =IF('Preencher pelo celular'!C277="","",'Preencher pelo celular'!C277) | R49: =IF('Preencher pelo celular'!D277="","",'Preencher pelo celular'!D277) | S49: =IF('Preencher pelo celular'!F277="","",'Preencher pelo celular'!F277) | T49: =IF(COUNT(B49,E49,H49,K49,N49,Q49)=0,"",AVERAGE(B49,E49,H49,K49,N49,Q49)) | U49: =IF(COUNT(D49,G49,J49,M49,P49,S49)=0,"",AVERAGE(D49,G49,J49,M49,P49,S49)) | V49: =IF(COUNT(C49,F49,I49,L49,O49,R49)=0,"",SUM(C49,F49,I49,L49,O49,R49))
A50: ='Preencher pelo celular'!A278 -> 46336 | B50: =IF('Preencher pelo celular'!C278="","",'Preencher pelo celular'!C278) | C50: =IF('Preencher pelo celular'!D278="","",'Preencher pelo celular'!D278) | D50: =IF('Preencher pelo celular'!F278="","",'Preencher pelo celular'!F278) | E50: =IF('Preencher pelo celular'!C279="","",'Preencher pelo celular'!C279) | F50: =IF('Preencher pelo celular'!D279="","",'Preencher pelo celular'!D279) | G50: =IF('Preencher pelo celular'!F279="","",'Preencher pelo celular'!F279) | H50: =IF('Preencher pelo celular'!C280="","",'Preencher pelo celular'!C280) | I50: =IF('Preencher pelo celular'!D280="","",'Preencher pelo celular'!D280) | J50: =IF('Preencher pelo celular'!F280="","",'Preencher pelo celular'!F280) | K50: =IF('Preencher pelo celular'!C281="","",'Preencher pelo celular'!C281) | L50: =IF('Preencher pelo celular'!D281="","",'Preencher pelo celular'!D281) | M50: =IF('Preencher pelo celular'!F281="","",'Preencher pelo celular'!F281) | N50: =IF('Preencher pelo celular'!C282="","",'Preencher pelo celular'!C282) | O50: =IF('Preencher pelo celular'!D282="","",'Preencher pelo celular'!D282) | P50: =IF('Preencher pelo celular'!F282="","",'Preencher pelo celular'!F282) | Q50: =IF('Preencher pelo celular'!C283="","",'Preencher pelo celular'!C283) | R50: =IF('Preencher pelo celular'!D283="","",'Preencher pelo celular'!D283) | S50: =IF('Preencher pelo celular'!F283="","",'Preencher pelo celular'!F283) | T50: =IF(COUNT(B50,E50,H50,K50,N50,Q50)=0,"",AVERAGE(B50,E50,H50,K50,N50,Q50)) | U50: =IF(COUNT(D50,G50,J50,M50,P50,S50)=0,"",AVERAGE(D50,G50,J50,M50,P50,S50)) | V50: =IF(COUNT(C50,F50,I50,L50,O50,R50)=0,"",SUM(C50,F50,I50,L50,O50,R50))
A51: ='Preencher pelo celular'!A284 -> 46337 | B51: =IF('Preencher pelo celular'!C284="","",'Preencher pelo celular'!C284) | C51: =IF('Preencher pelo celular'!D284="","",'Preencher pelo celular'!D284) | D51: =IF('Preencher pelo celular'!F284="","",'Preencher pelo celular'!F284) | E51: =IF('Preencher pelo celular'!C285="","",'Preencher pelo celular'!C285) | F51: =IF('Preencher pelo celular'!D285="","",'Preencher pelo celular'!D285) | G51: =IF('Preencher pelo celular'!F285="","",'Preencher pelo celular'!F285) | H51: =IF('Preencher pelo celular'!C286="","",'Preencher pelo celular'!C286) | I51: =IF('Preencher pelo celular'!D286="","",'Preencher pelo celular'!D286) | J51: =IF('Preencher pelo celular'!F286="","",'Preencher pelo celular'!F286) | K51: =IF('Preencher pelo celular'!C287="","",'Preencher pelo celular'!C287) | L51: =IF('Preencher pelo celular'!D287="","",'Preencher pelo celular'!D287) | M51: =IF('Preencher pelo celular'!F287="","",'Preencher pelo celular'!F287) | N51: =IF('Preencher pelo celular'!C288="","",'Preencher pelo celular'!C288) | O51: =IF('Preencher pelo celular'!D288="","",'Preencher pelo celular'!D288) | P51: =IF('Preencher pelo celular'!F288="","",'Preencher pelo celular'!F288) | Q51: =IF('Preencher pelo celular'!C289="","",'Preencher pelo celular'!C289) | R51: =IF('Preencher pelo celular'!D289="","",'Preencher pelo celular'!D289) | S51: =IF('Preencher pelo celular'!F289="","",'Preencher pelo celular'!F289) | T51: =IF(COUNT(B51,E51,H51,K51,N51,Q51)=0,"",AVERAGE(B51,E51,H51,K51,N51,Q51)) | U51: =IF(COUNT(D51,G51,J51,M51,P51,S51)=0,"",AVERAGE(D51,G51,J51,M51,P51,S51)) | V51: =IF(COUNT(C51,F51,I51,L51,O51,R51)=0,"",SUM(C51,F51,I51,L51,O51,R51))
A52: ='Preencher pelo celular'!A290 -> 46338 | B52: =IF('Preencher pelo celular'!C290="","",'Preencher pelo celular'!C290) | C52: =IF('Preencher pelo celular'!D290="","",'Preencher pelo celular'!D290) | D52: =IF('Preencher pelo celular'!F290="","",'Preencher pelo celular'!F290) | E52: =IF('Preencher pelo celular'!C291="","",'Preencher pelo celular'!C291) | F52: =IF('Preencher pelo celular'!D291="","",'Preencher pelo celular'!D291) | G52: =IF('Preencher pelo celular'!F291="","",'Preencher pelo celular'!F291) | H52: =IF('Preencher pelo celular'!C292="","",'Preencher pelo celular'!C292) | I52: =IF('Preencher pelo celular'!D292="","",'Preencher pelo celular'!D292) | J52: =IF('Preencher pelo celular'!F292="","",'Preencher pelo celular'!F292) | K52: =IF('Preencher pelo celular'!C293="","",'Preencher pelo celular'!C293) | L52: =IF('Preencher pelo celular'!D293="","",'Preencher pelo celular'!D293) | M52: =IF('Preencher pelo celular'!F293="","",'Preencher pelo celular'!F293) | N52: =IF('Preencher pelo celular'!C294="","",'Preencher pelo celular'!C294) | O52: =IF('Preencher pelo celular'!D294="","",'Preencher pelo celular'!D294) | P52: =IF('Preencher pelo celular'!F294="","",'Preencher pelo celular'!F294) | Q52: =IF('Preencher pelo celular'!C295="","",'Preencher pelo celular'!C295) | R52: =IF('Preencher pelo celular'!D295="","",'Preencher pelo celular'!D295) | S52: =IF('Preencher pelo celular'!F295="","",'Preencher pelo celular'!F295) | T52: =IF(COUNT(B52,E52,H52,K52,N52,Q52)=0,"",AVERAGE(B52,E52,H52,K52,N52,Q52)) | U52: =IF(COUNT(D52,G52,J52,M52,P52,S52)=0,"",AVERAGE(D52,G52,J52,M52,P52,S52)) | V52: =IF(COUNT(C52,F52,I52,L52,O52,R52)=0,"",SUM(C52,F52,I52,L52,O52,R52))
A53: ='Preencher pelo celular'!A296 -> 46339 | B53: =IF('Preencher pelo celular'!C296="","",'Preencher pelo celular'!C296) | C53: =IF('Preencher pelo celular'!D296="","",'Preencher pelo celular'!D296) | D53: =IF('Preencher pelo celular'!F296="","",'Preencher pelo celular'!F296) | E53: =IF('Preencher pelo celular'!C297="","",'Preencher pelo celular'!C297) | F53: =IF('Preencher pelo celular'!D297="","",'Preencher pelo celular'!D297) | G53: =IF('Preencher pelo celular'!F297="","",'Preencher pelo celular'!F297) | H53: =IF('Preencher pelo celular'!C298="","",'Preencher pelo celular'!C298) | I53: =IF('Preencher pelo celular'!D298="","",'Preencher pelo celular'!D298) | J53: =IF('Preencher pelo celular'!F298="","",'Preencher pelo celular'!F298) | K53: =IF('Preencher pelo celular'!C299="","",'Preencher pelo celular'!C299) | L53: =IF('Preencher pelo celular'!D299="","",'Preencher pelo celular'!D299) | M53: =IF('Preencher pelo celular'!F299="","",'Preencher pelo celular'!F299) | N53: =IF('Preencher pelo celular'!C300="","",'Preencher pelo celular'!C300) | O53: =IF('Preencher pelo celular'!D300="","",'Preencher pelo celular'!D300) | P53: =IF('Preencher pelo celular'!F300="","",'Preencher pelo celular'!F300) | Q53: =IF('Preencher pelo celular'!C301="","",'Preencher pelo celular'!C301) | R53: =IF('Preencher pelo celular'!D301="","",'Preencher pelo celular'!D301) | S53: =IF('Preencher pelo celular'!F301="","",'Preencher pelo celular'!F301) | T53: =IF(COUNT(B53,E53,H53,K53,N53,Q53)=0,"",AVERAGE(B53,E53,H53,K53,N53,Q53)) | U53: =IF(COUNT(D53,G53,J53,M53,P53,S53)=0,"",AVERAGE(D53,G53,J53,M53,P53,S53)) | V53: =IF(COUNT(C53,F53,I53,L53,O53,R53)=0,"",SUM(C53,F53,I53,L53,O53,R53))
A54: ='Preencher pelo celular'!A302 -> 46340 | B54: =IF('Preencher pelo celular'!C302="","",'Preencher pelo celular'!C302) | C54: =IF('Preencher pelo celular'!D302="","",'Preencher pelo celular'!D302) | D54: =IF('Preencher pelo celular'!F302="","",'Preencher pelo celular'!F302) | E54: =IF('Preencher pelo celular'!C303="","",'Preencher pelo celular'!C303) | F54: =IF('Preencher pelo celular'!D303="","",'Preencher pelo celular'!D303) | G54: =IF('Preencher pelo celular'!F303="","",'Preencher pelo celular'!F303) | H54: =IF('Preencher pelo celular'!C304="","",'Preencher pelo celular'!C304) | I54: =IF('Preencher pelo celular'!D304="","",'Preencher pelo celular'!D304) | J54: =IF('Preencher pelo celular'!F304="","",'Preencher pelo celular'!F304) | K54: =IF('Preencher pelo celular'!C305="","",'Preencher pelo celular'!C305) | L54: =IF('Preencher pelo celular'!D305="","",'Preencher pelo celular'!D305) | M54: =IF('Preencher pelo celular'!F305="","",'Preencher pelo celular'!F305) | N54: =IF('Preencher pelo celular'!C306="","",'Preencher pelo celular'!C306) | O54: =IF('Preencher pelo celular'!D306="","",'Preencher pelo celular'!D306) | P54: =IF('Preencher pelo celular'!F306="","",'Preencher pelo celular'!F306) | Q54: =IF('Preencher pelo celular'!C307="","",'Preencher pelo celular'!C307) | R54: =IF('Preencher pelo celular'!D307="","",'Preencher pelo celular'!D307) | S54: =IF('Preencher pelo celular'!F307="","",'Preencher pelo celular'!F307) | T54: =IF(COUNT(B54,E54,H54,K54,N54,Q54)=0,"",AVERAGE(B54,E54,H54,K54,N54,Q54)) | U54: =IF(COUNT(D54,G54,J54,M54,P54,S54)=0,"",AVERAGE(D54,G54,J54,M54,P54,S54)) | V54: =IF(COUNT(C54,F54,I54,L54,O54,R54)=0,"",SUM(C54,F54,I54,L54,O54,R54))
A55: ='Preencher pelo celular'!A308 -> 46341 | B55: =IF('Preencher pelo celular'!C308="","",'Preencher pelo celular'!C308) | C55: =IF('Preencher pelo celular'!D308="","",'Preencher pelo celular'!D308) | D55: =IF('Preencher pelo celular'!F308="","",'Preencher pelo celular'!F308) | E55: =IF('Preencher pelo celular'!C309="","",'Preencher pelo celular'!C309) | F55: =IF('Preencher pelo celular'!D309="","",'Preencher pelo celular'!D309) | G55: =IF('Preencher pelo celular'!F309="","",'Preencher pelo celular'!F309) | H55: =IF('Preencher pelo celular'!C310="","",'Preencher pelo celular'!C310) | I55: =IF('Preencher pelo celular'!D310="","",'Preencher pelo celular'!D310) | J55: =IF('Preencher pelo celular'!F310="","",'Preencher pelo celular'!F310) | K55: =IF('Preencher pelo celular'!C311="","",'Preencher pelo celular'!C311) | L55: =IF('Preencher pelo celular'!D311="","",'Preencher pelo celular'!D311) | M55: =IF('Preencher pelo celular'!F311="","",'Preencher pelo celular'!F311) | N55: =IF('Preencher pelo celular'!C312="","",'Preencher pelo celular'!C312) | O55: =IF('Preencher pelo celular'!D312="","",'Preencher pelo celular'!D312) | P55: =IF('Preencher pelo celular'!F312="","",'Preencher pelo celular'!F312) | Q55: =IF('Preencher pelo celular'!C313="","",'Preencher pelo celular'!C313) | R55: =IF('Preencher pelo celular'!D313="","",'Preencher pelo celular'!D313) | S55: =IF('Preencher pelo celular'!F313="","",'Preencher pelo celular'!F313) | T55: =IF(COUNT(B55,E55,H55,K55,N55,Q55)=0,"",AVERAGE(B55,E55,H55,K55,N55,Q55)) | U55: =IF(COUNT(D55,G55,J55,M55,P55,S55)=0,"",AVERAGE(D55,G55,J55,M55,P55,S55)) | V55: =IF(COUNT(C55,F55,I55,L55,O55,R55)=0,"",SUM(C55,F55,I55,L55,O55,R55))
A56: ='Preencher pelo celular'!A314 -> 46342 | B56: =IF('Preencher pelo celular'!C314="","",'Preencher pelo celular'!C314) | C56: =IF('Preencher pelo celular'!D314="","",'Preencher pelo celular'!D314) | D56: =IF('Preencher pelo celular'!F314="","",'Preencher pelo celular'!F314) | E56: =IF('Preencher pelo celular'!C315="","",'Preencher pelo celular'!C315) | F56: =IF('Preencher pelo celular'!D315="","",'Preencher pelo celular'!D315) | G56: =IF('Preencher pelo celular'!F315="","",'Preencher pelo celular'!F315) | H56: =IF('Preencher pelo celular'!C316="","",'Preencher pelo celular'!C316) | I56: =IF('Preencher pelo celular'!D316="","",'Preencher pelo celular'!D316) | J56: =IF('Preencher pelo celular'!F316="","",'Preencher pelo celular'!F316) | K56: =IF('Preencher pelo celular'!C317="","",'Preencher pelo celular'!C317) | L56: =IF('Preencher pelo celular'!D317="","",'Preencher pelo celular'!D317) | M56: =IF('Preencher pelo celular'!F317="","",'Preencher pelo celular'!F317) | N56: =IF('Preencher pelo celular'!C318="","",'Preencher pelo celular'!C318) | O56: =IF('Preencher pelo celular'!D318="","",'Preencher pelo celular'!D318) | P56: =IF('Preencher pelo celular'!F318="","",'Preencher pelo celular'!F318) | Q56: =IF('Preencher pelo celular'!C319="","",'Preencher pelo celular'!C319) | R56: =IF('Preencher pelo celular'!D319="","",'Preencher pelo celular'!D319) | S56: =IF('Preencher pelo celular'!F319="","",'Preencher pelo celular'!F319) | T56: =IF(COUNT(B56,E56,H56,K56,N56,Q56)=0,"",AVERAGE(B56,E56,H56,K56,N56,Q56)) | U56: =IF(COUNT(D56,G56,J56,M56,P56,S56)=0,"",AVERAGE(D56,G56,J56,M56,P56,S56)) | V56: =IF(COUNT(C56,F56,I56,L56,O56,R56)=0,"",SUM(C56,F56,I56,L56,O56,R56))
A57: ='Preencher pelo celular'!A320 -> 46343 | B57: =IF('Preencher pelo celular'!C320="","",'Preencher pelo celular'!C320) | C57: =IF('Preencher pelo celular'!D320="","",'Preencher pelo celular'!D320) | D57: =IF('Preencher pelo celular'!F320="","",'Preencher pelo celular'!F320) | E57: =IF('Preencher pelo celular'!C321="","",'Preencher pelo celular'!C321) | F57: =IF('Preencher pelo celular'!D321="","",'Preencher pelo celular'!D321) | G57: =IF('Preencher pelo celular'!F321="","",'Preencher pelo celular'!F321) | H57: =IF('Preencher pelo celular'!C322="","",'Preencher pelo celular'!C322) | I57: =IF('Preencher pelo celular'!D322="","",'Preencher pelo celular'!D322) | J57: =IF('Preencher pelo celular'!F322="","",'Preencher pelo celular'!F322) | K57: =IF('Preencher pelo celular'!C323="","",'Preencher pelo celular'!C323) | L57: =IF('Preencher pelo celular'!D323="","",'Preencher pelo celular'!D323) | M57: =IF('Preencher pelo celular'!F323="","",'Preencher pelo celular'!F323) | N57: =IF('Preencher pelo celular'!C324="","",'Preencher pelo celular'!C324) | O57: =IF('Preencher pelo celular'!D324="","",'Preencher pelo celular'!D324) | P57: =IF('Preencher pelo celular'!F324="","",'Preencher pelo celular'!F324) | Q57: =IF('Preencher pelo celular'!C325="","",'Preencher pelo celular'!C325) | R57: =IF('Preencher pelo celular'!D325="","",'Preencher pelo celular'!D325) | S57: =IF('Preencher pelo celular'!F325="","",'Preencher pelo celular'!F325) | T57: =IF(COUNT(B57,E57,H57,K57,N57,Q57)=0,"",AVERAGE(B57,E57,H57,K57,N57,Q57)) | U57: =IF(COUNT(D57,G57,J57,M57,P57,S57)=0,"",AVERAGE(D57,G57,J57,M57,P57,S57)) | V57: =IF(COUNT(C57,F57,I57,L57,O57,R57)=0,"",SUM(C57,F57,I57,L57,O57,R57))
A58: ='Preencher pelo celular'!A326 -> 46344 | B58: =IF('Preencher pelo celular'!C326="","",'Preencher pelo celular'!C326) | C58: =IF('Preencher pelo celular'!D326="","",'Preencher pelo celular'!D326) | D58: =IF('Preencher pelo celular'!F326="","",'Preencher pelo celular'!F326) | E58: =IF('Preencher pelo celular'!C327="","",'Preencher pelo celular'!C327) | F58: =IF('Preencher pelo celular'!D327="","",'Preencher pelo celular'!D327) | G58: =IF('Preencher pelo celular'!F327="","",'Preencher pelo celular'!F327) | H58: =IF('Preencher pelo celular'!C328="","",'Preencher pelo celular'!C328) | I58: =IF('Preencher pelo celular'!D328="","",'Preencher pelo celular'!D328) | J58: =IF('Preencher pelo celular'!F328="","",'Preencher pelo celular'!F328) | K58: =IF('Preencher pelo celular'!C329="","",'Preencher pelo celular'!C329) | L58: =IF('Preencher pelo celular'!D329="","",'Preencher pelo celular'!D329) | M58: =IF('Preencher pelo celular'!F329="","",'Preencher pelo celular'!F329) | N58: =IF('Preencher pelo celular'!C330="","",'Preencher pelo celular'!C330) | O58: =IF('Preencher pelo celular'!D330="","",'Preencher pelo celular'!D330) | P58: =IF('Preencher pelo celular'!F330="","",'Preencher pelo celular'!F330) | Q58: =IF('Preencher pelo celular'!C331="","",'Preencher pelo celular'!C331) | R58: =IF('Preencher pelo celular'!D331="","",'Preencher pelo celular'!D331) | S58: =IF('Preencher pelo celular'!F331="","",'Preencher pelo celular'!F331) | T58: =IF(COUNT(B58,E58,H58,K58,N58,Q58)=0,"",AVERAGE(B58,E58,H58,K58,N58,Q58)) | U58: =IF(COUNT(D58,G58,J58,M58,P58,S58)=0,"",AVERAGE(D58,G58,J58,M58,P58,S58)) | V58: =IF(COUNT(C58,F58,I58,L58,O58,R58)=0,"",SUM(C58,F58,I58,L58,O58,R58))
A59: ='Preencher pelo celular'!A332 -> 46345 | B59: =IF('Preencher pelo celular'!C332="","",'Preencher pelo celular'!C332) | C59: =IF('Preencher pelo celular'!D332="","",'Preencher pelo celular'!D332) | D59: =IF('Preencher pelo celular'!F332="","",'Preencher pelo celular'!F332) | E59: =IF('Preencher pelo celular'!C333="","",'Preencher pelo celular'!C333) | F59: =IF('Preencher pelo celular'!D333="","",'Preencher pelo celular'!D333) | G59: =IF('Preencher pelo celular'!F333="","",'Preencher pelo celular'!F333) | H59: =IF('Preencher pelo celular'!C334="","",'Preencher pelo celular'!C334) | I59: =IF('Preencher pelo celular'!D334="","",'Preencher pelo celular'!D334) | J59: =IF('Preencher pelo celular'!F334="","",'Preencher pelo celular'!F334) | K59: =IF('Preencher pelo celular'!C335="","",'Preencher pelo celular'!C335) | L59: =IF('Preencher pelo celular'!D335="","",'Preencher pelo celular'!D335) | M59: =IF('Preencher pelo celular'!F335="","",'Preencher pelo celular'!F335) | N59: =IF('Preencher pelo celular'!C336="","",'Preencher pelo celular'!C336) | O59: =IF('Preencher pelo celular'!D336="","",'Preencher pelo celular'!D336) | P59: =IF('Preencher pelo celular'!F336="","",'Preencher pelo celular'!F336) | Q59: =IF('Preencher pelo celular'!C337="","",'Preencher pelo celular'!C337) | R59: =IF('Preencher pelo celular'!D337="","",'Preencher pelo celular'!D337) | S59: =IF('Preencher pelo celular'!F337="","",'Preencher pelo celular'!F337) | T59: =IF(COUNT(B59,E59,H59,K59,N59,Q59)=0,"",AVERAGE(B59,E59,H59,K59,N59,Q59)) | U59: =IF(COUNT(D59,G59,J59,M59,P59,S59)=0,"",AVERAGE(D59,G59,J59,M59,P59,S59)) | V59: =IF(COUNT(C59,F59,I59,L59,O59,R59)=0,"",SUM(C59,F59,I59,L59,O59,R59))
A60: ='Preencher pelo celular'!A338 -> 46346 | B60: =IF('Preencher pelo celular'!C338="","",'Preencher pelo celular'!C338) | C60: =IF('Preencher pelo celular'!D338="","",'Preencher pelo celular'!D338) | D60: =IF('Preencher pelo celular'!F338="","",'Preencher pelo celular'!F338) | E60: =IF('Preencher pelo celular'!C339="","",'Preencher pelo celular'!C339) | F60: =IF('Preencher pelo celular'!D339="","",'Preencher pelo celular'!D339) | G60: =IF('Preencher pelo celular'!F339="","",'Preencher pelo celular'!F339) | H60: =IF('Preencher pelo celular'!C340="","",'Preencher pelo celular'!C340) | I60: =IF('Preencher pelo celular'!D340="","",'Preencher pelo celular'!D340) | J60: =IF('Preencher pelo celular'!F340="","",'Preencher pelo celular'!F340) | K60: =IF('Preencher pelo celular'!C341="","",'Preencher pelo celular'!C341) | L60: =IF('Preencher pelo celular'!D341="","",'Preencher pelo celular'!D341) | M60: =IF('Preencher pelo celular'!F341="","",'Preencher pelo celular'!F341) | N60: =IF('Preencher pelo celular'!C342="","",'Preencher pelo celular'!C342) | O60: =IF('Preencher pelo celular'!D342="","",'Preencher pelo celular'!D342) | P60: =IF('Preencher pelo celular'!F342="","",'Preencher pelo celular'!F342) | Q60: =IF('Preencher pelo celular'!C343="","",'Preencher pelo celular'!C343) | R60: =IF('Preencher pelo celular'!D343="","",'Preencher pelo celular'!D343) | S60: =IF('Preencher pelo celular'!F343="","",'Preencher pelo celular'!F343) | T60: =IF(COUNT(B60,E60,H60,K60,N60,Q60)=0,"",AVERAGE(B60,E60,H60,K60,N60,Q60)) | U60: =IF(COUNT(D60,G60,J60,M60,P60,S60)=0,"",AVERAGE(D60,G60,J60,M60,P60,S60)) | V60: =IF(COUNT(C60,F60,I60,L60,O60,R60)=0,"",SUM(C60,F60,I60,L60,O60,R60))
A61: ='Preencher pelo celular'!A344 -> 46347 | B61: =IF('Preencher pelo celular'!C344="","",'Preencher pelo celular'!C344) | C61: =IF('Preencher pelo celular'!D344="","",'Preencher pelo celular'!D344) | D61: =IF('Preencher pelo celular'!F344="","",'Preencher pelo celular'!F344) | E61: =IF('Preencher pelo celular'!C345="","",'Preencher pelo celular'!C345) | F61: =IF('Preencher pelo celular'!D345="","",'Preencher pelo celular'!D345) | G61: =IF('Preencher pelo celular'!F345="","",'Preencher pelo celular'!F345) | H61: =IF('Preencher pelo celular'!C346="","",'Preencher pelo celular'!C346) | I61: =IF('Preencher pelo celular'!D346="","",'Preencher pelo celular'!D346) | J61: =IF('Preencher pelo celular'!F346="","",'Preencher pelo celular'!F346) | K61: =IF('Preencher pelo celular'!C347="","",'Preencher pelo celular'!C347) | L61: =IF('Preencher pelo celular'!D347="","",'Preencher pelo celular'!D347) | M61: =IF('Preencher pelo celular'!F347="","",'Preencher pelo celular'!F347) | N61: =IF('Preencher pelo celular'!C348="","",'Preencher pelo celular'!C348) | O61: =IF('Preencher pelo celular'!D348="","",'Preencher pelo celular'!D348) | P61: =IF('Preencher pelo celular'!F348="","",'Preencher pelo celular'!F348) | Q61: =IF('Preencher pelo celular'!C349="","",'Preencher pelo celular'!C349) | R61: =IF('Preencher pelo celular'!D349="","",'Preencher pelo celular'!D349) | S61: =IF('Preencher pelo celular'!F349="","",'Preencher pelo celular'!F349) | T61: =IF(COUNT(B61,E61,H61,K61,N61,Q61)=0,"",AVERAGE(B61,E61,H61,K61,N61,Q61)) | U61: =IF(COUNT(D61,G61,J61,M61,P61,S61)=0,"",AVERAGE(D61,G61,J61,M61,P61,S61)) | V61: =IF(COUNT(C61,F61,I61,L61,O61,R61)=0,"",SUM(C61,F61,I61,L61,O61,R61))
A62: ='Preencher pelo celular'!A350 -> 46348 | B62: =IF('Preencher pelo celular'!C350="","",'Preencher pelo celular'!C350) | C62: =IF('Preencher pelo celular'!D350="","",'Preencher pelo celular'!D350) | D62: =IF('Preencher pelo celular'!F350="","",'Preencher pelo celular'!F350) | E62: =IF('Preencher pelo celular'!C351="","",'Preencher pelo celular'!C351) | F62: =IF('Preencher pelo celular'!D351="","",'Preencher pelo celular'!D351) | G62: =IF('Preencher pelo celular'!F351="","",'Preencher pelo celular'!F351) | H62: =IF('Preencher pelo celular'!C352="","",'Preencher pelo celular'!C352) | I62: =IF('Preencher pelo celular'!D352="","",'Preencher pelo celular'!D352) | J62: =IF('Preencher pelo celular'!F352="","",'Preencher pelo celular'!F352) | K62: =IF('Preencher pelo celular'!C353="","",'Preencher pelo celular'!C353) | L62: =IF('Preencher pelo celular'!D353="","",'Preencher pelo celular'!D353) | M62: =IF('Preencher pelo celular'!F353="","",'Preencher pelo celular'!F353) | N62: =IF('Preencher pelo celular'!C354="","",'Preencher pelo celular'!C354) | O62: =IF('Preencher pelo celular'!D354="","",'Preencher pelo celular'!D354) | P62: =IF('Preencher pelo celular'!F354="","",'Preencher pelo celular'!F354) | Q62: =IF('Preencher pelo celular'!C355="","",'Preencher pelo celular'!C355) | R62: =IF('Preencher pelo celular'!D355="","",'Preencher pelo celular'!D355) | S62: =IF('Preencher pelo celular'!F355="","",'Preencher pelo celular'!F355) | T62: =IF(COUNT(B62,E62,H62,K62,N62,Q62)=0,"",AVERAGE(B62,E62,H62,K62,N62,Q62)) | U62: =IF(COUNT(D62,G62,J62,M62,P62,S62)=0,"",AVERAGE(D62,G62,J62,M62,P62,S62)) | V62: =IF(COUNT(C62,F62,I62,L62,O62,R62)=0,"",SUM(C62,F62,I62,L62,O62,R62))
A63: ='Preencher pelo celular'!A356 -> 46349 | B63: =IF('Preencher pelo celular'!C356="","",'Preencher pelo celular'!C356) | C63: =IF('Preencher pelo celular'!D356="","",'Preencher pelo celular'!D356) | D63: =IF('Preencher pelo celular'!F356="","",'Preencher pelo celular'!F356) | E63: =IF('Preencher pelo celular'!C357="","",'Preencher pelo celular'!C357) | F63: =IF('Preencher pelo celular'!D357="","",'Preencher pelo celular'!D357) | G63: =IF('Preencher pelo celular'!F357="","",'Preencher pelo celular'!F357) | H63: =IF('Preencher pelo celular'!C358="","",'Preencher pelo celular'!C358) | I63: =IF('Preencher pelo celular'!D358="","",'Preencher pelo celular'!D358) | J63: =IF('Preencher pelo celular'!F358="","",'Preencher pelo celular'!F358) | K63: =IF('Preencher pelo celular'!C359="","",'Preencher pelo celular'!C359) | L63: =IF('Preencher pelo celular'!D359="","",'Preencher pelo celular'!D359) | M63: =IF('Preencher pelo celular'!F359="","",'Preencher pelo celular'!F359) | N63: =IF('Preencher pelo celular'!C360="","",'Preencher pelo celular'!C360) | O63: =IF('Preencher pelo celular'!D360="","",'Preencher pelo celular'!D360) | P63: =IF('Preencher pelo celular'!F360="","",'Preencher pelo celular'!F360) | Q63: =IF('Preencher pelo celular'!C361="","",'Preencher pelo celular'!C361) | R63: =IF('Preencher pelo celular'!D361="","",'Preencher pelo celular'!D361) | S63: =IF('Preencher pelo celular'!F361="","",'Preencher pelo celular'!F361) | T63: =IF(COUNT(B63,E63,H63,K63,N63,Q63)=0,"",AVERAGE(B63,E63,H63,K63,N63,Q63)) | U63: =IF(COUNT(D63,G63,J63,M63,P63,S63)=0,"",AVERAGE(D63,G63,J63,M63,P63,S63)) | V63: =IF(COUNT(C63,F63,I63,L63,O63,R63)=0,"",SUM(C63,F63,I63,L63,O63,R63))
A64: ='Preencher pelo celular'!A362 -> 46350 | B64: =IF('Preencher pelo celular'!C362="","",'Preencher pelo celular'!C362) | C64: =IF('Preencher pelo celular'!D362="","",'Preencher pelo celular'!D362) | D64: =IF('Preencher pelo celular'!F362="","",'Preencher pelo celular'!F362) | E64: =IF('Preencher pelo celular'!C363="","",'Preencher pelo celular'!C363) | F64: =IF('Preencher pelo celular'!D363="","",'Preencher pelo celular'!D363) | G64: =IF('Preencher pelo celular'!F363="","",'Preencher pelo celular'!F363) | H64: =IF('Preencher pelo celular'!C364="","",'Preencher pelo celular'!C364) | I64: =IF('Preencher pelo celular'!D364="","",'Preencher pelo celular'!D364) | J64: =IF('Preencher pelo celular'!F364="","",'Preencher pelo celular'!F364) | K64: =IF('Preencher pelo celular'!C365="","",'Preencher pelo celular'!C365) | L64: =IF('Preencher pelo celular'!D365="","",'Preencher pelo celular'!D365) | M64: =IF('Preencher pelo celular'!F365="","",'Preencher pelo celular'!F365) | N64: =IF('Preencher pelo celular'!C366="","",'Preencher pelo celular'!C366) | O64: =IF('Preencher pelo celular'!D366="","",'Preencher pelo celular'!D366) | P64: =IF('Preencher pelo celular'!F366="","",'Preencher pelo celular'!F366) | Q64: =IF('Preencher pelo celular'!C367="","",'Preencher pelo celular'!C367) | R64: =IF('Preencher pelo celular'!D367="","",'Preencher pelo celular'!D367) | S64: =IF('Preencher pelo celular'!F367="","",'Preencher pelo celular'!F367) | T64: =IF(COUNT(B64,E64,H64,K64,N64,Q64)=0,"",AVERAGE(B64,E64,H64,K64,N64,Q64)) | U64: =IF(COUNT(D64,G64,J64,M64,P64,S64)=0,"",AVERAGE(D64,G64,J64,M64,P64,S64)) | V64: =IF(COUNT(C64,F64,I64,L64,O64,R64)=0,"",SUM(C64,F64,I64,L64,O64,R64))
A65: ='Preencher pelo celular'!A368 -> 46351 | B65: =IF('Preencher pelo celular'!C368="","",'Preencher pelo celular'!C368) | C65: =IF('Preencher pelo celular'!D368="","",'Preencher pelo celular'!D368) | D65: =IF('Preencher pelo celular'!F368="","",'Preencher pelo celular'!F368) | E65: =IF('Preencher pelo celular'!C369="","",'Preencher pelo celular'!C369) | F65: =IF('Preencher pelo celular'!D369="","",'Preencher pelo celular'!D369) | G65: =IF('Preencher pelo celular'!F369="","",'Preencher pelo celular'!F369) | H65: =IF('Preencher pelo celular'!C370="","",'Preencher pelo celular'!C370) | I65: =IF('Preencher pelo celular'!D370="","",'Preencher pelo celular'!D370) | J65: =IF('Preencher pelo celular'!F370="","",'Preencher pelo celular'!F370) | K65: =IF('Preencher pelo celular'!C371="","",'Preencher pelo celular'!C371) | L65: =IF('Preencher pelo celular'!D371="","",'Preencher pelo celular'!D371) | M65: =IF('Preencher pelo celular'!F371="","",'Preencher pelo celular'!F371) | N65: =IF('Preencher pelo celular'!C372="","",'Preencher pelo celular'!C372) | O65: =IF('Preencher pelo celular'!D372="","",'Preencher pelo celular'!D372) | P65: =IF('Preencher pelo celular'!F372="","",'Preencher pelo celular'!F372) | Q65: =IF('Preencher pelo celular'!C373="","",'Preencher pelo celular'!C373) | R65: =IF('Preencher pelo celular'!D373="","",'Preencher pelo celular'!D373) | S65: =IF('Preencher pelo celular'!F373="","",'Preencher pelo celular'!F373) | T65: =IF(COUNT(B65,E65,H65,K65,N65,Q65)=0,"",AVERAGE(B65,E65,H65,K65,N65,Q65)) | U65: =IF(COUNT(D65,G65,J65,M65,P65,S65)=0,"",AVERAGE(D65,G65,J65,M65,P65,S65)) | V65: =IF(COUNT(C65,F65,I65,L65,O65,R65)=0,"",SUM(C65,F65,I65,L65,O65,R65))
A66: ='Preencher pelo celular'!A374 -> 46352 | B66: =IF('Preencher pelo celular'!C374="","",'Preencher pelo celular'!C374) | C66: =IF('Preencher pelo celular'!D374="","",'Preencher pelo celular'!D374) | D66: =IF('Preencher pelo celular'!F374="","",'Preencher pelo celular'!F374) | E66: =IF('Preencher pelo celular'!C375="","",'Preencher pelo celular'!C375) | F66: =IF('Preencher pelo celular'!D375="","",'Preencher pelo celular'!D375) | G66: =IF('Preencher pelo celular'!F375="","",'Preencher pelo celular'!F375) | H66: =IF('Preencher pelo celular'!C376="","",'Preencher pelo celular'!C376) | I66: =IF('Preencher pelo celular'!D376="","",'Preencher pelo celular'!D376) | J66: =IF('Preencher pelo celular'!F376="","",'Preencher pelo celular'!F376) | K66: =IF('Preencher pelo celular'!C377="","",'Preencher pelo celular'!C377) | L66: =IF('Preencher pelo celular'!D377="","",'Preencher pelo celular'!D377) | M66: =IF('Preencher pelo celular'!F377="","",'Preencher pelo celular'!F377) | N66: =IF('Preencher pelo celular'!C378="","",'Preencher pelo celular'!C378) | O66: =IF('Preencher pelo celular'!D378="","",'Preencher pelo celular'!D378) | P66: =IF('Preencher pelo celular'!F378="","",'Preencher pelo celular'!F378) | Q66: =IF('Preencher pelo celular'!C379="","",'Preencher pelo celular'!C379) | R66: =IF('Preencher pelo celular'!D379="","",'Preencher pelo celular'!D379) | S66: =IF('Preencher pelo celular'!F379="","",'Preencher pelo celular'!F379) | T66: =IF(COUNT(B66,E66,H66,K66,N66,Q66)=0,"",AVERAGE(B66,E66,H66,K66,N66,Q66)) | U66: =IF(COUNT(D66,G66,J66,M66,P66,S66)=0,"",AVERAGE(D66,G66,J66,M66,P66,S66)) | V66: =IF(COUNT(C66,F66,I66,L66,O66,R66)=0,"",SUM(C66,F66,I66,L66,O66,R66))
A67: ='Preencher pelo celular'!A380 -> 46353 | B67: =IF('Preencher pelo celular'!C380="","",'Preencher pelo celular'!C380) | C67: =IF('Preencher pelo celular'!D380="","",'Preencher pelo celular'!D380) | D67: =IF('Preencher pelo celular'!F380="","",'Preencher pelo celular'!F380) | E67: =IF('Preencher pelo celular'!C381="","",'Preencher pelo celular'!C381) | F67: =IF('Preencher pelo celular'!D381="","",'Preencher pelo celular'!D381) | G67: =IF('Preencher pelo celular'!F381="","",'Preencher pelo celular'!F381) | H67: =IF('Preencher pelo celular'!C382="","",'Preencher pelo celular'!C382) | I67: =IF('Preencher pelo celular'!D382="","",'Preencher pelo celular'!D382) | J67: =IF('Preencher pelo celular'!F382="","",'Preencher pelo celular'!F382) | K67: =IF('Preencher pelo celular'!C383="","",'Preencher pelo celular'!C383) | L67: =IF('Preencher pelo celular'!D383="","",'Preencher pelo celular'!D383) | M67: =IF('Preencher pelo celular'!F383="","",'Preencher pelo celular'!F383) | N67: =IF('Preencher pelo celular'!C384="","",'Preencher pelo celular'!C384) | O67: =IF('Preencher pelo celular'!D384="","",'Preencher pelo celular'!D384) | P67: =IF('Preencher pelo celular'!F384="","",'Preencher pelo celular'!F384) | Q67: =IF('Preencher pelo celular'!C385="","",'Preencher pelo celular'!C385) | R67: =IF('Preencher pelo celular'!D385="","",'Preencher pelo celular'!D385) | S67: =IF('Preencher pelo celular'!F385="","",'Preencher pelo celular'!F385) | T67: =IF(COUNT(B67,E67,H67,K67,N67,Q67)=0,"",AVERAGE(B67,E67,H67,K67,N67,Q67)) | U67: =IF(COUNT(D67,G67,J67,M67,P67,S67)=0,"",AVERAGE(D67,G67,J67,M67,P67,S67)) | V67: =IF(COUNT(C67,F67,I67,L67,O67,R67)=0,"",SUM(C67,F67,I67,L67,O67,R67))
A68: ='Preencher pelo celular'!A386 -> 46354 | B68: =IF('Preencher pelo celular'!C386="","",'Preencher pelo celular'!C386) | C68: =IF('Preencher pelo celular'!D386="","",'Preencher pelo celular'!D386) | D68: =IF('Preencher pelo celular'!F386="","",'Preencher pelo celular'!F386) | E68: =IF('Preencher pelo celular'!C387="","",'Preencher pelo celular'!C387) | F68: =IF('Preencher pelo celular'!D387="","",'Preencher pelo celular'!D387) | G68: =IF('Preencher pelo celular'!F387="","",'Preencher pelo celular'!F387) | H68: =IF('Preencher pelo celular'!C388="","",'Preencher pelo celular'!C388) | I68: =IF('Preencher pelo celular'!D388="","",'Preencher pelo celular'!D388) | J68: =IF('Preencher pelo celular'!F388="","",'Preencher pelo celular'!F388) | K68: =IF('Preencher pelo celular'!C389="","",'Preencher pelo celular'!C389) | L68: =IF('Preencher pelo celular'!D389="","",'Preencher pelo celular'!D389) | M68: =IF('Preencher pelo celular'!F389="","",'Preencher pelo celular'!F389) | N68: =IF('Preencher pelo celular'!C390="","",'Preencher pelo celular'!C390) | O68: =IF('Preencher pelo celular'!D390="","",'Preencher pelo celular'!D390) | P68: =IF('Preencher pelo celular'!F390="","",'Preencher pelo celular'!F390) | Q68: =IF('Preencher pelo celular'!C391="","",'Preencher pelo celular'!C391) | R68: =IF('Preencher pelo celular'!D391="","",'Preencher pelo celular'!D391) | S68: =IF('Preencher pelo celular'!F391="","",'Preencher pelo celular'!F391) | T68: =IF(COUNT(B68,E68,H68,K68,N68,Q68)=0,"",AVERAGE(B68,E68,H68,K68,N68,Q68)) | U68: =IF(COUNT(D68,G68,J68,M68,P68,S68)=0,"",AVERAGE(D68,G68,J68,M68,P68,S68)) | V68: =IF(COUNT(C68,F68,I68,L68,O68,R68)=0,"",SUM(C68,F68,I68,L68,O68,R68))
A69: ='Preencher pelo celular'!A392 -> 46355 | B69: =IF('Preencher pelo celular'!C392="","",'Preencher pelo celular'!C392) | C69: =IF('Preencher pelo celular'!D392="","",'Preencher pelo celular'!D392) | D69: =IF('Preencher pelo celular'!F392="","",'Preencher pelo celular'!F392) | E69: =IF('Preencher pelo celular'!C393="","",'Preencher pelo celular'!C393) | F69: =IF('Preencher pelo celular'!D393="","",'Preencher pelo celular'!D393) | G69: =IF('Preencher pelo celular'!F393="","",'Preencher pelo celular'!F393) | H69: =IF('Preencher pelo celular'!C394="","",'Preencher pelo celular'!C394) | I69: =IF('Preencher pelo celular'!D394="","",'Preencher pelo celular'!D394) | J69: =IF('Preencher pelo celular'!F394="","",'Preencher pelo celular'!F394) | K69: =IF('Preencher pelo celular'!C395="","",'Preencher pelo celular'!C395) | L69: =IF('Preencher pelo celular'!D395="","",'Preencher pelo celular'!D395) | M69: =IF('Preencher pelo celular'!F395="","",'Preencher pelo celular'!F395) | N69: =IF('Preencher pelo celular'!C396="","",'Preencher pelo celular'!C396) | O69: =IF('Preencher pelo celular'!D396="","",'Preencher pelo celular'!D396) | P69: =IF('Preencher pelo celular'!F396="","",'Preencher pelo celular'!F396) | Q69: =IF('Preencher pelo celular'!C397="","",'Preencher pelo celular'!C397) | R69: =IF('Preencher pelo celular'!D397="","",'Preencher pelo celular'!D397) | S69: =IF('Preencher pelo celular'!F397="","",'Preencher pelo celular'!F397) | T69: =IF(COUNT(B69,E69,H69,K69,N69,Q69)=0,"",AVERAGE(B69,E69,H69,K69,N69,Q69)) | U69: =IF(COUNT(D69,G69,J69,M69,P69,S69)=0,"",AVERAGE(D69,G69,J69,M69,P69,S69)) | V69: =IF(COUNT(C69,F69,I69,L69,O69,R69)=0,"",SUM(C69,F69,I69,L69,O69,R69))
A70: ='Preencher pelo celular'!A398 -> 46356 | B70: =IF('Preencher pelo celular'!C398="","",'Preencher pelo celular'!C398) | C70: =IF('Preencher pelo celular'!D398="","",'Preencher pelo celular'!D398) | D70: =IF('Preencher pelo celular'!F398="","",'Preencher pelo celular'!F398) | E70: =IF('Preencher pelo celular'!C399="","",'Preencher pelo celular'!C399) | F70: =IF('Preencher pelo celular'!D399="","",'Preencher pelo celular'!D399) | G70: =IF('Preencher pelo celular'!F399="","",'Preencher pelo celular'!F399) | H70: =IF('Preencher pelo celular'!C400="","",'Preencher pelo celular'!C400) | I70: =IF('Preencher pelo celular'!D400="","",'Preencher pelo celular'!D400) | J70: =IF('Preencher pelo celular'!F400="","",'Preencher pelo celular'!F400) | K70: =IF('Preencher pelo celular'!C401="","",'Preencher pelo celular'!C401) | L70: =IF('Preencher pelo celular'!D401="","",'Preencher pelo celular'!D401) | M70: =IF('Preencher pelo celular'!F401="","",'Preencher pelo celular'!F401) | N70: =IF('Preencher pelo celular'!C402="","",'Preencher pelo celular'!C402) | O70: =IF('Preencher pelo celular'!D402="","",'Preencher pelo celular'!D402) | P70: =IF('Preencher pelo celular'!F402="","",'Preencher pelo celular'!F402) | Q70: =IF('Preencher pelo celular'!C403="","",'Preencher pelo celular'!C403) | R70: =IF('Preencher pelo celular'!D403="","",'Preencher pelo celular'!D403) | S70: =IF('Preencher pelo celular'!F403="","",'Preencher pelo celular'!F403) | T70: =IF(COUNT(B70,E70,H70,K70,N70,Q70)=0,"",AVERAGE(B70,E70,H70,K70,N70,Q70)) | U70: =IF(COUNT(D70,G70,J70,M70,P70,S70)=0,"",AVERAGE(D70,G70,J70,M70,P70,S70)) | V70: =IF(COUNT(C70,F70,I70,L70,O70,R70)=0,"",SUM(C70,F70,I70,L70,O70,R70))
A71: ='Preencher pelo celular'!A404 -> 46357 | B71: =IF('Preencher pelo celular'!C404="","",'Preencher pelo celular'!C404) | C71: =IF('Preencher pelo celular'!D404="","",'Preencher pelo celular'!D404) | D71: =IF('Preencher pelo celular'!F404="","",'Preencher pelo celular'!F404) | E71: =IF('Preencher pelo celular'!C405="","",'Preencher pelo celular'!C405) | F71: =IF('Preencher pelo celular'!D405="","",'Preencher pelo celular'!D405) | G71: =IF('Preencher pelo celular'!F405="","",'Preencher pelo celular'!F405) | H71: =IF('Preencher pelo celular'!C406="","",'Preencher pelo celular'!C406) | I71: =IF('Preencher pelo celular'!D406="","",'Preencher pelo celular'!D406) | J71: =IF('Preencher pelo celular'!F406="","",'Preencher pelo celular'!F406) | K71: =IF('Preencher pelo celular'!C407="","",'Preencher pelo celular'!C407) | L71: =IF('Preencher pelo celular'!D407="","",'Preencher pelo celular'!D407) | M71: =IF('Preencher pelo celular'!F407="","",'Preencher pelo celular'!F407) | N71: =IF('Preencher pelo celular'!C408="","",'Preencher pelo celular'!C408) | O71: =IF('Preencher pelo celular'!D408="","",'Preencher pelo celular'!D408) | P71: =IF('Preencher pelo celular'!F408="","",'Preencher pelo celular'!F408) | Q71: =IF('Preencher pelo celular'!C409="","",'Preencher pelo celular'!C409) | R71: =IF('Preencher pelo celular'!D409="","",'Preencher pelo celular'!D409) | S71: =IF('Preencher pelo celular'!F409="","",'Preencher pelo celular'!F409) | T71: =IF(COUNT(B71,E71,H71,K71,N71,Q71)=0,"",AVERAGE(B71,E71,H71,K71,N71,Q71)) | U71: =IF(COUNT(D71,G71,J71,M71,P71,S71)=0,"",AVERAGE(D71,G71,J71,M71,P71,S71)) | V71: =IF(COUNT(C71,F71,I71,L71,O71,R71)=0,"",SUM(C71,F71,I71,L71,O71,R71))
A72: ='Preencher pelo celular'!A410 -> 46358 | B72: =IF('Preencher pelo celular'!C410="","",'Preencher pelo celular'!C410) | C72: =IF('Preencher pelo celular'!D410="","",'Preencher pelo celular'!D410) | D72: =IF('Preencher pelo celular'!F410="","",'Preencher pelo celular'!F410) | E72: =IF('Preencher pelo celular'!C411="","",'Preencher pelo celular'!C411) | F72: =IF('Preencher pelo celular'!D411="","",'Preencher pelo celular'!D411) | G72: =IF('Preencher pelo celular'!F411="","",'Preencher pelo celular'!F411) | H72: =IF('Preencher pelo celular'!C412="","",'Preencher pelo celular'!C412) | I72: =IF('Preencher pelo celular'!D412="","",'Preencher pelo celular'!D412) | J72: =IF('Preencher pelo celular'!F412="","",'Preencher pelo celular'!F412) | K72: =IF('Preencher pelo celular'!C413="","",'Preencher pelo celular'!C413) | L72: =IF('Preencher pelo celular'!D413="","",'Preencher pelo celular'!D413) | M72: =IF('Preencher pelo celular'!F413="","",'Preencher pelo celular'!F413) | N72: =IF('Preencher pelo celular'!C414="","",'Preencher pelo celular'!C414) | O72: =IF('Preencher pelo celular'!D414="","",'Preencher pelo celular'!D414) | P72: =IF('Preencher pelo celular'!F414="","",'Preencher pelo celular'!F414) | Q72: =IF('Preencher pelo celular'!C415="","",'Preencher pelo celular'!C415) | R72: =IF('Preencher pelo celular'!D415="","",'Preencher pelo celular'!D415) | S72: =IF('Preencher pelo celular'!F415="","",'Preencher pelo celular'!F415) | T72: =IF(COUNT(B72,E72,H72,K72,N72,Q72)=0,"",AVERAGE(B72,E72,H72,K72,N72,Q72)) | U72: =IF(COUNT(D72,G72,J72,M72,P72,S72)=0,"",AVERAGE(D72,G72,J72,M72,P72,S72)) | V72: =IF(COUNT(C72,F72,I72,L72,O72,R72)=0,"",SUM(C72,F72,I72,L72,O72,R72))
A73: ='Preencher pelo celular'!A416 -> 46359 | B73: =IF('Preencher pelo celular'!C416="","",'Preencher pelo celular'!C416) | C73: =IF('Preencher pelo celular'!D416="","",'Preencher pelo celular'!D416) | D73: =IF('Preencher pelo celular'!F416="","",'Preencher pelo celular'!F416) | E73: =IF('Preencher pelo celular'!C417="","",'Preencher pelo celular'!C417) | F73: =IF('Preencher pelo celular'!D417="","",'Preencher pelo celular'!D417) | G73: =IF('Preencher pelo celular'!F417="","",'Preencher pelo celular'!F417) | H73: =IF('Preencher pelo celular'!C418="","",'Preencher pelo celular'!C418) | I73: =IF('Preencher pelo celular'!D418="","",'Preencher pelo celular'!D418) | J73: =IF('Preencher pelo celular'!F418="","",'Preencher pelo celular'!F418) | K73: =IF('Preencher pelo celular'!C419="","",'Preencher pelo celular'!C419) | L73: =IF('Preencher pelo celular'!D419="","",'Preencher pelo celular'!D419) | M73: =IF('Preencher pelo celular'!F419="","",'Preencher pelo celular'!F419) | N73: =IF('Preencher pelo celular'!C420="","",'Preencher pelo celular'!C420) | O73: =IF('Preencher pelo celular'!D420="","",'Preencher pelo celular'!D420) | P73: =IF('Preencher pelo celular'!F420="","",'Preencher pelo celular'!F420) | Q73: =IF('Preencher pelo celular'!C421="","",'Preencher pelo celular'!C421) | R73: =IF('Preencher pelo celular'!D421="","",'Preencher pelo celular'!D421) | S73: =IF('Preencher pelo celular'!F421="","",'Preencher pelo celular'!F421) | T73: =IF(COUNT(B73,E73,H73,K73,N73,Q73)=0,"",AVERAGE(B73,E73,H73,K73,N73,Q73)) | U73: =IF(COUNT(D73,G73,J73,M73,P73,S73)=0,"",AVERAGE(D73,G73,J73,M73,P73,S73)) | V73: =IF(COUNT(C73,F73,I73,L73,O73,R73)=0,"",SUM(C73,F73,I73,L73,O73,R73))
A74: ='Preencher pelo celular'!A422 -> 46360 | B74: =IF('Preencher pelo celular'!C422="","",'Preencher pelo celular'!C422) | C74: =IF('Preencher pelo celular'!D422="","",'Preencher pelo celular'!D422) | D74: =IF('Preencher pelo celular'!F422="","",'Preencher pelo celular'!F422) | E74: =IF('Preencher pelo celular'!C423="","",'Preencher pelo celular'!C423) | F74: =IF('Preencher pelo celular'!D423="","",'Preencher pelo celular'!D423) | G74: =IF('Preencher pelo celular'!F423="","",'Preencher pelo celular'!F423) | H74: =IF('Preencher pelo celular'!C424="","",'Preencher pelo celular'!C424) | I74: =IF('Preencher pelo celular'!D424="","",'Preencher pelo celular'!D424) | J74: =IF('Preencher pelo celular'!F424="","",'Preencher pelo celular'!F424) | K74: =IF('Preencher pelo celular'!C425="","",'Preencher pelo celular'!C425) | L74: =IF('Preencher pelo celular'!D425="","",'Preencher pelo celular'!D425) | M74: =IF('Preencher pelo celular'!F425="","",'Preencher pelo celular'!F425) | N74: =IF('Preencher pelo celular'!C426="","",'Preencher pelo celular'!C426) | O74: =IF('Preencher pelo celular'!D426="","",'Preencher pelo celular'!D426) | P74: =IF('Preencher pelo celular'!F426="","",'Preencher pelo celular'!F426) | Q74: =IF('Preencher pelo celular'!C427="","",'Preencher pelo celular'!C427) | R74: =IF('Preencher pelo celular'!D427="","",'Preencher pelo celular'!D427) | S74: =IF('Preencher pelo celular'!F427="","",'Preencher pelo celular'!F427) | T74: =IF(COUNT(B74,E74,H74,K74,N74,Q74)=0,"",AVERAGE(B74,E74,H74,K74,N74,Q74)) | U74: =IF(COUNT(D74,G74,J74,M74,P74,S74)=0,"",AVERAGE(D74,G74,J74,M74,P74,S74)) | V74: =IF(COUNT(C74,F74,I74,L74,O74,R74)=0,"",SUM(C74,F74,I74,L74,O74,R74))
A75: ='Preencher pelo celular'!A428 -> 46361 | B75: =IF('Preencher pelo celular'!C428="","",'Preencher pelo celular'!C428) | C75: =IF('Preencher pelo celular'!D428="","",'Preencher pelo celular'!D428) | D75: =IF('Preencher pelo celular'!F428="","",'Preencher pelo celular'!F428) | E75: =IF('Preencher pelo celular'!C429="","",'Preencher pelo celular'!C429) | F75: =IF('Preencher pelo celular'!D429="","",'Preencher pelo celular'!D429) | G75: =IF('Preencher pelo celular'!F429="","",'Preencher pelo celular'!F429) | H75: =IF('Preencher pelo celular'!C430="","",'Preencher pelo celular'!C430) | I75: =IF('Preencher pelo celular'!D430="","",'Preencher pelo celular'!D430) | J75: =IF('Preencher pelo celular'!F430="","",'Preencher pelo celular'!F430) | K75: =IF('Preencher pelo celular'!C431="","",'Preencher pelo celular'!C431) | L75: =IF('Preencher pelo celular'!D431="","",'Preencher pelo celular'!D431) | M75: =IF('Preencher pelo celular'!F431="","",'Preencher pelo celular'!F431) | N75: =IF('Preencher pelo celular'!C432="","",'Preencher pelo celular'!C432) | O75: =IF('Preencher pelo celular'!D432="","",'Preencher pelo celular'!D432) | P75: =IF('Preencher pelo celular'!F432="","",'Preencher pelo celular'!F432) | Q75: =IF('Preencher pelo celular'!C433="","",'Preencher pelo celular'!C433) | R75: =IF('Preencher pelo celular'!D433="","",'Preencher pelo celular'!D433) | S75: =IF('Preencher pelo celular'!F433="","",'Preencher pelo celular'!F433) | T75: =IF(COUNT(B75,E75,H75,K75,N75,Q75)=0,"",AVERAGE(B75,E75,H75,K75,N75,Q75)) | U75: =IF(COUNT(D75,G75,J75,M75,P75,S75)=0,"",AVERAGE(D75,G75,J75,M75,P75,S75)) | V75: =IF(COUNT(C75,F75,I75,L75,O75,R75)=0,"",SUM(C75,F75,I75,L75,O75,R75))
A76: ='Preencher pelo celular'!A434 -> 46362 | B76: =IF('Preencher pelo celular'!C434="","",'Preencher pelo celular'!C434) | C76: =IF('Preencher pelo celular'!D434="","",'Preencher pelo celular'!D434) | D76: =IF('Preencher pelo celular'!F434="","",'Preencher pelo celular'!F434) | E76: =IF('Preencher pelo celular'!C435="","",'Preencher pelo celular'!C435) | F76: =IF('Preencher pelo celular'!D435="","",'Preencher pelo celular'!D435) | G76: =IF('Preencher pelo celular'!F435="","",'Preencher pelo celular'!F435) | H76: =IF('Preencher pelo celular'!C436="","",'Preencher pelo celular'!C436) | I76: =IF('Preencher pelo celular'!D436="","",'Preencher pelo celular'!D436) | J76: =IF('Preencher pelo celular'!F436="","",'Preencher pelo celular'!F436) | K76: =IF('Preencher pelo celular'!C437="","",'Preencher pelo celular'!C437) | L76: =IF('Preencher pelo celular'!D437="","",'Preencher pelo celular'!D437) | M76: =IF('Preencher pelo celular'!F437="","",'Preencher pelo celular'!F437) | N76: =IF('Preencher pelo celular'!C438="","",'Preencher pelo celular'!C438) | O76: =IF('Preencher pelo celular'!D438="","",'Preencher pelo celular'!D438) | P76: =IF('Preencher pelo celular'!F438="","",'Preencher pelo celular'!F438) | Q76: =IF('Preencher pelo celular'!C439="","",'Preencher pelo celular'!C439) | R76: =IF('Preencher pelo celular'!D439="","",'Preencher pelo celular'!D439) | S76: =IF('Preencher pelo celular'!F439="","",'Preencher pelo celular'!F439) | T76: =IF(COUNT(B76,E76,H76,K76,N76,Q76)=0,"",AVERAGE(B76,E76,H76,K76,N76,Q76)) | U76: =IF(COUNT(D76,G76,J76,M76,P76,S76)=0,"",AVERAGE(D76,G76,J76,M76,P76,S76)) | V76: =IF(COUNT(C76,F76,I76,L76,O76,R76)=0,"",SUM(C76,F76,I76,L76,O76,R76))
A77: ='Preencher pelo celular'!A440 -> 46363 | B77: =IF('Preencher pelo celular'!C440="","",'Preencher pelo celular'!C440) | C77: =IF('Preencher pelo celular'!D440="","",'Preencher pelo celular'!D440) | D77: =IF('Preencher pelo celular'!F440="","",'Preencher pelo celular'!F440) | E77: =IF('Preencher pelo celular'!C441="","",'Preencher pelo celular'!C441) | F77: =IF('Preencher pelo celular'!D441="","",'Preencher pelo celular'!D441) | G77: =IF('Preencher pelo celular'!F441="","",'Preencher pelo celular'!F441) | H77: =IF('Preencher pelo celular'!C442="","",'Preencher pelo celular'!C442) | I77: =IF('Preencher pelo celular'!D442="","",'Preencher pelo celular'!D442) | J77: =IF('Preencher pelo celular'!F442="","",'Preencher pelo celular'!F442) | K77: =IF('Preencher pelo celular'!C443="","",'Preencher pelo celular'!C443) | L77: =IF('Preencher pelo celular'!D443="","",'Preencher pelo celular'!D443) | M77: =IF('Preencher pelo celular'!F443="","",'Preencher pelo celular'!F443) | N77: =IF('Preencher pelo celular'!C444="","",'Preencher pelo celular'!C444) | O77: =IF('Preencher pelo celular'!D444="","",'Preencher pelo celular'!D444) | P77: =IF('Preencher pelo celular'!F444="","",'Preencher pelo celular'!F444) | Q77: =IF('Preencher pelo celular'!C445="","",'Preencher pelo celular'!C445) | R77: =IF('Preencher pelo celular'!D445="","",'Preencher pelo celular'!D445) | S77: =IF('Preencher pelo celular'!F445="","",'Preencher pelo celular'!F445) | T77: =IF(COUNT(B77,E77,H77,K77,N77,Q77)=0,"",AVERAGE(B77,E77,H77,K77,N77,Q77)) | U77: =IF(COUNT(D77,G77,J77,M77,P77,S77)=0,"",AVERAGE(D77,G77,J77,M77,P77,S77)) | V77: =IF(COUNT(C77,F77,I77,L77,O77,R77)=0,"",SUM(C77,F77,I77,L77,O77,R77))
A78: ='Preencher pelo celular'!A446 -> 46364 | B78: =IF('Preencher pelo celular'!C446="","",'Preencher pelo celular'!C446) | C78: =IF('Preencher pelo celular'!D446="","",'Preencher pelo celular'!D446) | D78: =IF('Preencher pelo celular'!F446="","",'Preencher pelo celular'!F446) | E78: =IF('Preencher pelo celular'!C447="","",'Preencher pelo celular'!C447) | F78: =IF('Preencher pelo celular'!D447="","",'Preencher pelo celular'!D447) | G78: =IF('Preencher pelo celular'!F447="","",'Preencher pelo celular'!F447) | H78: =IF('Preencher pelo celular'!C448="","",'Preencher pelo celular'!C448) | I78: =IF('Preencher pelo celular'!D448="","",'Preencher pelo celular'!D448) | J78: =IF('Preencher pelo celular'!F448="","",'Preencher pelo celular'!F448) | K78: =IF('Preencher pelo celular'!C449="","",'Preencher pelo celular'!C449) | L78: =IF('Preencher pelo celular'!D449="","",'Preencher pelo celular'!D449) | M78: =IF('Preencher pelo celular'!F449="","",'Preencher pelo celular'!F449) | N78: =IF('Preencher pelo celular'!C450="","",'Preencher pelo celular'!C450) | O78: =IF('Preencher pelo celular'!D450="","",'Preencher pelo celular'!D450) | P78: =IF('Preencher pelo celular'!F450="","",'Preencher pelo celular'!F450) | Q78: =IF('Preencher pelo celular'!C451="","",'Preencher pelo celular'!C451) | R78: =IF('Preencher pelo celular'!D451="","",'Preencher pelo celular'!D451) | S78: =IF('Preencher pelo celular'!F451="","",'Preencher pelo celular'!F451) | T78: =IF(COUNT(B78,E78,H78,K78,N78,Q78)=0,"",AVERAGE(B78,E78,H78,K78,N78,Q78)) | U78: =IF(COUNT(D78,G78,J78,M78,P78,S78)=0,"",AVERAGE(D78,G78,J78,M78,P78,S78)) | V78: =IF(COUNT(C78,F78,I78,L78,O78,R78)=0,"",SUM(C78,F78,I78,L78,O78,R78))
A79: ='Preencher pelo celular'!A452 -> 46365 | B79: =IF('Preencher pelo celular'!C452="","",'Preencher pelo celular'!C452) | C79: =IF('Preencher pelo celular'!D452="","",'Preencher pelo celular'!D452) | D79: =IF('Preencher pelo celular'!F452="","",'Preencher pelo celular'!F452) | E79: =IF('Preencher pelo celular'!C453="","",'Preencher pelo celular'!C453) | F79: =IF('Preencher pelo celular'!D453="","",'Preencher pelo celular'!D453) | G79: =IF('Preencher pelo celular'!F453="","",'Preencher pelo celular'!F453) | H79: =IF('Preencher pelo celular'!C454="","",'Preencher pelo celular'!C454) | I79: =IF('Preencher pelo celular'!D454="","",'Preencher pelo celular'!D454) | J79: =IF('Preencher pelo celular'!F454="","",'Preencher pelo celular'!F454) | K79: =IF('Preencher pelo celular'!C455="","",'Preencher pelo celular'!C455) | L79: =IF('Preencher pelo celular'!D455="","",'Preencher pelo celular'!D455) | M79: =IF('Preencher pelo celular'!F455="","",'Preencher pelo celular'!F455) | N79: =IF('Preencher pelo celular'!C456="","",'Preencher pelo celular'!C456) | O79: =IF('Preencher pelo celular'!D456="","",'Preencher pelo celular'!D456) | P79: =IF('Preencher pelo celular'!F456="","",'Preencher pelo celular'!F456) | Q79: =IF('Preencher pelo celular'!C457="","",'Preencher pelo celular'!C457) | R79: =IF('Preencher pelo celular'!D457="","",'Preencher pelo celular'!D457) | S79: =IF('Preencher pelo celular'!F457="","",'Preencher pelo celular'!F457) | T79: =IF(COUNT(B79,E79,H79,K79,N79,Q79)=0,"",AVERAGE(B79,E79,H79,K79,N79,Q79)) | U79: =IF(COUNT(D79,G79,J79,M79,P79,S79)=0,"",AVERAGE(D79,G79,J79,M79,P79,S79)) | V79: =IF(COUNT(C79,F79,I79,L79,O79,R79)=0,"",SUM(C79,F79,I79,L79,O79,R79))
A80: ='Preencher pelo celular'!A458 -> 46366 | B80: =IF('Preencher pelo celular'!C458="","",'Preencher pelo celular'!C458) | C80: =IF('Preencher pelo celular'!D458="","",'Preencher pelo celular'!D458) | D80: =IF('Preencher pelo celular'!F458="","",'Preencher pelo celular'!F458) | E80: =IF('Preencher pelo celular'!C459="","",'Preencher pelo celular'!C459) | F80: =IF('Preencher pelo celular'!D459="","",'Preencher pelo celular'!D459) | G80: =IF('Preencher pelo celular'!F459="","",'Preencher pelo celular'!F459) | H80: =IF('Preencher pelo celular'!C460="","",'Preencher pelo celular'!C460) | I80: =IF('Preencher pelo celular'!D460="","",'Preencher pelo celular'!D460) | J80: =IF('Preencher pelo celular'!F460="","",'Preencher pelo celular'!F460) | K80: =IF('Preencher pelo celular'!C461="","",'Preencher pelo celular'!C461) | L80: =IF('Preencher pelo celular'!D461="","",'Preencher pelo celular'!D461) | M80: =IF('Preencher pelo celular'!F461="","",'Preencher pelo celular'!F461) | N80: =IF('Preencher pelo celular'!C462="","",'Preencher pelo celular'!C462) | O80: =IF('Preencher pelo celular'!D462="","",'Preencher pelo celular'!D462) | P80: =IF('Preencher pelo celular'!F462="","",'Preencher pelo celular'!F462) | Q80: =IF('Preencher pelo celular'!C463="","",'Preencher pelo celular'!C463) | R80: =IF('Preencher pelo celular'!D463="","",'Preencher pelo celular'!D463) | S80: =IF('Preencher pelo celular'!F463="","",'Preencher pelo celular'!F463) | T80: =IF(COUNT(B80,E80,H80,K80,N80,Q80)=0,"",AVERAGE(B80,E80,H80,K80,N80,Q80)) | U80: =IF(COUNT(D80,G80,J80,M80,P80,S80)=0,"",AVERAGE(D80,G80,J80,M80,P80,S80)) | V80: =IF(COUNT(C80,F80,I80,L80,O80,R80)=0,"",SUM(C80,F80,I80,L80,O80,R80))
A81: ='Preencher pelo celular'!A464 -> 46367 | B81: =IF('Preencher pelo celular'!C464="","",'Preencher pelo celular'!C464) | C81: =IF('Preencher pelo celular'!D464="","",'Preencher pelo celular'!D464) | D81: =IF('Preencher pelo celular'!F464="","",'Preencher pelo celular'!F464) | E81: =IF('Preencher pelo celular'!C465="","",'Preencher pelo celular'!C465) | F81: =IF('Preencher pelo celular'!D465="","",'Preencher pelo celular'!D465) | G81: =IF('Preencher pelo celular'!F465="","",'Preencher pelo celular'!F465) | H81: =IF('Preencher pelo celular'!C466="","",'Preencher pelo celular'!C466) | I81: =IF('Preencher pelo celular'!D466="","",'Preencher pelo celular'!D466) | J81: =IF('Preencher pelo celular'!F466="","",'Preencher pelo celular'!F466) | K81: =IF('Preencher pelo celular'!C467="","",'Preencher pelo celular'!C467) | L81: =IF('Preencher pelo celular'!D467="","",'Preencher pelo celular'!D467) | M81: =IF('Preencher pelo celular'!F467="","",'Preencher pelo celular'!F467) | N81: =IF('Preencher pelo celular'!C468="","",'Preencher pelo celular'!C468) | O81: =IF('Preencher pelo celular'!D468="","",'Preencher pelo celular'!D468) | P81: =IF('Preencher pelo celular'!F468="","",'Preencher pelo celular'!F468) | Q81: =IF('Preencher pelo celular'!C469="","",'Preencher pelo celular'!C469) | R81: =IF('Preencher pelo celular'!D469="","",'Preencher pelo celular'!D469) | S81: =IF('Preencher pelo celular'!F469="","",'Preencher pelo celular'!F469) | T81: =IF(COUNT(B81,E81,H81,K81,N81,Q81)=0,"",AVERAGE(B81,E81,H81,K81,N81,Q81)) | U81: =IF(COUNT(D81,G81,J81,M81,P81,S81)=0,"",AVERAGE(D81,G81,J81,M81,P81,S81)) | V81: =IF(COUNT(C81,F81,I81,L81,O81,R81)=0,"",SUM(C81,F81,I81,L81,O81,R81))
A82: ='Preencher pelo celular'!A470 -> 46368 | B82: =IF('Preencher pelo celular'!C470="","",'Preencher pelo celular'!C470) | C82: =IF('Preencher pelo celular'!D470="","",'Preencher pelo celular'!D470) | D82: =IF('Preencher pelo celular'!F470="","",'Preencher pelo celular'!F470) | E82: =IF('Preencher pelo celular'!C471="","",'Preencher pelo celular'!C471) | F82: =IF('Preencher pelo celular'!D471="","",'Preencher pelo celular'!D471) | G82: =IF('Preencher pelo celular'!F471="","",'Preencher pelo celular'!F471) | H82: =IF('Preencher pelo celular'!C472="","",'Preencher pelo celular'!C472) | I82: =IF('Preencher pelo celular'!D472="","",'Preencher pelo celular'!D472) | J82: =IF('Preencher pelo celular'!F472="","",'Preencher pelo celular'!F472) | K82: =IF('Preencher pelo celular'!C473="","",'Preencher pelo celular'!C473) | L82: =IF('Preencher pelo celular'!D473="","",'Preencher pelo celular'!D473) | M82: =IF('Preencher pelo celular'!F473="","",'Preencher pelo celular'!F473) | N82: =IF('Preencher pelo celular'!C474="","",'Preencher pelo celular'!C474) | O82: =IF('Preencher pelo celular'!D474="","",'Preencher pelo celular'!D474) | P82: =IF('Preencher pelo celular'!F474="","",'Preencher pelo celular'!F474) | Q82: =IF('Preencher pelo celular'!C475="","",'Preencher pelo celular'!C475) | R82: =IF('Preencher pelo celular'!D475="","",'Preencher pelo celular'!D475) | S82: =IF('Preencher pelo celular'!F475="","",'Preencher pelo celular'!F475) | T82: =IF(COUNT(B82,E82,H82,K82,N82,Q82)=0,"",AVERAGE(B82,E82,H82,K82,N82,Q82)) | U82: =IF(COUNT(D82,G82,J82,M82,P82,S82)=0,"",AVERAGE(D82,G82,J82,M82,P82,S82)) | V82: =IF(COUNT(C82,F82,I82,L82,O82,R82)=0,"",SUM(C82,F82,I82,L82,O82,R82))
A83: ='Preencher pelo celular'!A476 -> 46369 | B83: =IF('Preencher pelo celular'!C476="","",'Preencher pelo celular'!C476) | C83: =IF('Preencher pelo celular'!D476="","",'Preencher pelo celular'!D476) | D83: =IF('Preencher pelo celular'!F476="","",'Preencher pelo celular'!F476) | E83: =IF('Preencher pelo celular'!C477="","",'Preencher pelo celular'!C477) | F83: =IF('Preencher pelo celular'!D477="","",'Preencher pelo celular'!D477) | G83: =IF('Preencher pelo celular'!F477="","",'Preencher pelo celular'!F477) | H83: =IF('Preencher pelo celular'!C478="","",'Preencher pelo celular'!C478) | I83: =IF('Preencher pelo celular'!D478="","",'Preencher pelo celular'!D478) | J83: =IF('Preencher pelo celular'!F478="","",'Preencher pelo celular'!F478) | K83: =IF('Preencher pelo celular'!C479="","",'Preencher pelo celular'!C479) | L83: =IF('Preencher pelo celular'!D479="","",'Preencher pelo celular'!D479) | M83: =IF('Preencher pelo celular'!F479="","",'Preencher pelo celular'!F479) | N83: =IF('Preencher pelo celular'!C480="","",'Preencher pelo celular'!C480) | O83: =IF('Preencher pelo celular'!D480="","",'Preencher pelo celular'!D480) | P83: =IF('Preencher pelo celular'!F480="","",'Preencher pelo celular'!F480) | Q83: =IF('Preencher pelo celular'!C481="","",'Preencher pelo celular'!C481) | R83: =IF('Preencher pelo celular'!D481="","",'Preencher pelo celular'!D481) | S83: =IF('Preencher pelo celular'!F481="","",'Preencher pelo celular'!F481) | T83: =IF(COUNT(B83,E83,H83,K83,N83,Q83)=0,"",AVERAGE(B83,E83,H83,K83,N83,Q83)) | U83: =IF(COUNT(D83,G83,J83,M83,P83,S83)=0,"",AVERAGE(D83,G83,J83,M83,P83,S83)) | V83: =IF(COUNT(C83,F83,I83,L83,O83,R83)=0,"",SUM(C83,F83,I83,L83,O83,R83))
A84: ='Preencher pelo celular'!A482 -> 46370 | B84: =IF('Preencher pelo celular'!C482="","",'Preencher pelo celular'!C482) | C84: =IF('Preencher pelo celular'!D482="","",'Preencher pelo celular'!D482) | D84: =IF('Preencher pelo celular'!F482="","",'Preencher pelo celular'!F482) | E84: =IF('Preencher pelo celular'!C483="","",'Preencher pelo celular'!C483) | F84: =IF('Preencher pelo celular'!D483="","",'Preencher pelo celular'!D483) | G84: =IF('Preencher pelo celular'!F483="","",'Preencher pelo celular'!F483) | H84: =IF('Preencher pelo celular'!C484="","",'Preencher pelo celular'!C484) | I84: =IF('Preencher pelo celular'!D484="","",'Preencher pelo celular'!D484) | J84: =IF('Preencher pelo celular'!F484="","",'Preencher pelo celular'!F484) | K84: =IF('Preencher pelo celular'!C485="","",'Preencher pelo celular'!C485) | L84: =IF('Preencher pelo celular'!D485="","",'Preencher pelo celular'!D485) | M84: =IF('Preencher pelo celular'!F485="","",'Preencher pelo celular'!F485) | N84: =IF('Preencher pelo celular'!C486="","",'Preencher pelo celular'!C486) | O84: =IF('Preencher pelo celular'!D486="","",'Preencher pelo celular'!D486) | P84: =IF('Preencher pelo celular'!F486="","",'Preencher pelo celular'!F486) | Q84: =IF('Preencher pelo celular'!C487="","",'Preencher pelo celular'!C487) | R84: =IF('Preencher pelo celular'!D487="","",'Preencher pelo celular'!D487) | S84: =IF('Preencher pelo celular'!F487="","",'Preencher pelo celular'!F487) | T84: =IF(COUNT(B84,E84,H84,K84,N84,Q84)=0,"",AVERAGE(B84,E84,H84,K84,N84,Q84)) | U84: =IF(COUNT(D84,G84,J84,M84,P84,S84)=0,"",AVERAGE(D84,G84,J84,M84,P84,S84)) | V84: =IF(COUNT(C84,F84,I84,L84,O84,R84)=0,"",SUM(C84,F84,I84,L84,O84,R84))
A85: ='Preencher pelo celular'!A488 -> 46371 | B85: =IF('Preencher pelo celular'!C488="","",'Preencher pelo celular'!C488) | C85: =IF('Preencher pelo celular'!D488="","",'Preencher pelo celular'!D488) | D85: =IF('Preencher pelo celular'!F488="","",'Preencher pelo celular'!F488) | E85: =IF('Preencher pelo celular'!C489="","",'Preencher pelo celular'!C489) | F85: =IF('Preencher pelo celular'!D489="","",'Preencher pelo celular'!D489) | G85: =IF('Preencher pelo celular'!F489="","",'Preencher pelo celular'!F489) | H85: =IF('Preencher pelo celular'!C490="","",'Preencher pelo celular'!C490) | I85: =IF('Preencher pelo celular'!D490="","",'Preencher pelo celular'!D490) | J85: =IF('Preencher pelo celular'!F490="","",'Preencher pelo celular'!F490) | K85: =IF('Preencher pelo celular'!C491="","",'Preencher pelo celular'!C491) | L85: =IF('Preencher pelo celular'!D491="","",'Preencher pelo celular'!D491) | M85: =IF('Preencher pelo celular'!F491="","",'Preencher pelo celular'!F491) | N85: =IF('Preencher pelo celular'!C492="","",'Preencher pelo celular'!C492) | O85: =IF('Preencher pelo celular'!D492="","",'Preencher pelo celular'!D492) | P85: =IF('Preencher pelo celular'!F492="","",'Preencher pelo celular'!F492) | Q85: =IF('Preencher pelo celular'!C493="","",'Preencher pelo celular'!C493) | R85: =IF('Preencher pelo celular'!D493="","",'Preencher pelo celular'!D493) | S85: =IF('Preencher pelo celular'!F493="","",'Preencher pelo celular'!F493) | T85: =IF(COUNT(B85,E85,H85,K85,N85,Q85)=0,"",AVERAGE(B85,E85,H85,K85,N85,Q85)) | U85: =IF(COUNT(D85,G85,J85,M85,P85,S85)=0,"",AVERAGE(D85,G85,J85,M85,P85,S85)) | V85: =IF(COUNT(C85,F85,I85,L85,O85,R85)=0,"",SUM(C85,F85,I85,L85,O85,R85))
A86: ='Preencher pelo celular'!A494 -> 46372 | B86: =IF('Preencher pelo celular'!C494="","",'Preencher pelo celular'!C494) | C86: =IF('Preencher pelo celular'!D494="","",'Preencher pelo celular'!D494) | D86: =IF('Preencher pelo celular'!F494="","",'Preencher pelo celular'!F494) | E86: =IF('Preencher pelo celular'!C495="","",'Preencher pelo celular'!C495) | F86: =IF('Preencher pelo celular'!D495="","",'Preencher pelo celular'!D495) | G86: =IF('Preencher pelo celular'!F495="","",'Preencher pelo celular'!F495) | H86: =IF('Preencher pelo celular'!C496="","",'Preencher pelo celular'!C496) | I86: =IF('Preencher pelo celular'!D496="","",'Preencher pelo celular'!D496) | J86: =IF('Preencher pelo celular'!F496="","",'Preencher pelo celular'!F496) | K86: =IF('Preencher pelo celular'!C497="","",'Preencher pelo celular'!C497) | L86: =IF('Preencher pelo celular'!D497="","",'Preencher pelo celular'!D497) | M86: =IF('Preencher pelo celular'!F497="","",'Preencher pelo celular'!F497) | N86: =IF('Preencher pelo celular'!C498="","",'Preencher pelo celular'!C498) | O86: =IF('Preencher pelo celular'!D498="","",'Preencher pelo celular'!D498) | P86: =IF('Preencher pelo celular'!F498="","",'Preencher pelo celular'!F498) | Q86: =IF('Preencher pelo celular'!C499="","",'Preencher pelo celular'!C499) | R86: =IF('Preencher pelo celular'!D499="","",'Preencher pelo celular'!D499) | S86: =IF('Preencher pelo celular'!F499="","",'Preencher pelo celular'!F499) | T86: =IF(COUNT(B86,E86,H86,K86,N86,Q86)=0,"",AVERAGE(B86,E86,H86,K86,N86,Q86)) | U86: =IF(COUNT(D86,G86,J86,M86,P86,S86)=0,"",AVERAGE(D86,G86,J86,M86,P86,S86)) | V86: =IF(COUNT(C86,F86,I86,L86,O86,R86)=0,"",SUM(C86,F86,I86,L86,O86,R86))
A87: ='Preencher pelo celular'!A500 -> 46373 | B87: =IF('Preencher pelo celular'!C500="","",'Preencher pelo celular'!C500) | C87: =IF('Preencher pelo celular'!D500="","",'Preencher pelo celular'!D500) | D87: =IF('Preencher pelo celular'!F500="","",'Preencher pelo celular'!F500) | E87: =IF('Preencher pelo celular'!C501="","",'Preencher pelo celular'!C501) | F87: =IF('Preencher pelo celular'!D501="","",'Preencher pelo celular'!D501) | G87: =IF('Preencher pelo celular'!F501="","",'Preencher pelo celular'!F501) | H87: =IF('Preencher pelo celular'!C502="","",'Preencher pelo celular'!C502) | I87: =IF('Preencher pelo celular'!D502="","",'Preencher pelo celular'!D502) | J87: =IF('Preencher pelo celular'!F502="","",'Preencher pelo celular'!F502) | K87: =IF('Preencher pelo celular'!C503="","",'Preencher pelo celular'!C503) | L87: =IF('Preencher pelo celular'!D503="","",'Preencher pelo celular'!D503) | M87: =IF('Preencher pelo celular'!F503="","",'Preencher pelo celular'!F503) | N87: =IF('Preencher pelo celular'!C504="","",'Preencher pelo celular'!C504) | O87: =IF('Preencher pelo celular'!D504="","",'Preencher pelo celular'!D504) | P87: =IF('Preencher pelo celular'!F504="","",'Preencher pelo celular'!F504) | Q87: =IF('Preencher pelo celular'!C505="","",'Preencher pelo celular'!C505) | R87: =IF('Preencher pelo celular'!D505="","",'Preencher pelo celular'!D505) | S87: =IF('Preencher pelo celular'!F505="","",'Preencher pelo celular'!F505) | T87: =IF(COUNT(B87,E87,H87,K87,N87,Q87)=0,"",AVERAGE(B87,E87,H87,K87,N87,Q87)) | U87: =IF(COUNT(D87,G87,J87,M87,P87,S87)=0,"",AVERAGE(D87,G87,J87,M87,P87,S87)) | V87: =IF(COUNT(C87,F87,I87,L87,O87,R87)=0,"",SUM(C87,F87,I87,L87,O87,R87))
A88: ='Preencher pelo celular'!A506 -> 46374 | B88: =IF('Preencher pelo celular'!C506="","",'Preencher pelo celular'!C506) | C88: =IF('Preencher pelo celular'!D506="","",'Preencher pelo celular'!D506) | D88: =IF('Preencher pelo celular'!F506="","",'Preencher pelo celular'!F506) | E88: =IF('Preencher pelo celular'!C507="","",'Preencher pelo celular'!C507) | F88: =IF('Preencher pelo celular'!D507="","",'Preencher pelo celular'!D507) | G88: =IF('Preencher pelo celular'!F507="","",'Preencher pelo celular'!F507) | H88: =IF('Preencher pelo celular'!C508="","",'Preencher pelo celular'!C508) | I88: =IF('Preencher pelo celular'!D508="","",'Preencher pelo celular'!D508) | J88: =IF('Preencher pelo celular'!F508="","",'Preencher pelo celular'!F508) | K88: =IF('Preencher pelo celular'!C509="","",'Preencher pelo celular'!C509) | L88: =IF('Preencher pelo celular'!D509="","",'Preencher pelo celular'!D509) | M88: =IF('Preencher pelo celular'!F509="","",'Preencher pelo celular'!F509) | N88: =IF('Preencher pelo celular'!C510="","",'Preencher pelo celular'!C510) | O88: =IF('Preencher pelo celular'!D510="","",'Preencher pelo celular'!D510) | P88: =IF('Preencher pelo celular'!F510="","",'Preencher pelo celular'!F510) | Q88: =IF('Preencher pelo celular'!C511="","",'Preencher pelo celular'!C511) | R88: =IF('Preencher pelo celular'!D511="","",'Preencher pelo celular'!D511) | S88: =IF('Preencher pelo celular'!F511="","",'Preencher pelo celular'!F511) | T88: =IF(COUNT(B88,E88,H88,K88,N88,Q88)=0,"",AVERAGE(B88,E88,H88,K88,N88,Q88)) | U88: =IF(COUNT(D88,G88,J88,M88,P88,S88)=0,"",AVERAGE(D88,G88,J88,M88,P88,S88)) | V88: =IF(COUNT(C88,F88,I88,L88,O88,R88)=0,"",SUM(C88,F88,I88,L88,O88,R88))
A89: ='Preencher pelo celular'!A512 -> 46375 | B89: =IF('Preencher pelo celular'!C512="","",'Preencher pelo celular'!C512) | C89: =IF('Preencher pelo celular'!D512="","",'Preencher pelo celular'!D512) | D89: =IF('Preencher pelo celular'!F512="","",'Preencher pelo celular'!F512) | E89: =IF('Preencher pelo celular'!C513="","",'Preencher pelo celular'!C513) | F89: =IF('Preencher pelo celular'!D513="","",'Preencher pelo celular'!D513) | G89: =IF('Preencher pelo celular'!F513="","",'Preencher pelo celular'!F513) | H89: =IF('Preencher pelo celular'!C514="","",'Preencher pelo celular'!C514) | I89: =IF('Preencher pelo celular'!D514="","",'Preencher pelo celular'!D514) | J89: =IF('Preencher pelo celular'!F514="","",'Preencher pelo celular'!F514) | K89: =IF('Preencher pelo celular'!C515="","",'Preencher pelo celular'!C515) | L89: =IF('Preencher pelo celular'!D515="","",'Preencher pelo celular'!D515) | M89: =IF('Preencher pelo celular'!F515="","",'Preencher pelo celular'!F515) | N89: =IF('Preencher pelo celular'!C516="","",'Preencher pelo celular'!C516) | O89: =IF('Preencher pelo celular'!D516="","",'Preencher pelo celular'!D516) | P89: =IF('Preencher pelo celular'!F516="","",'Preencher pelo celular'!F516) | Q89: =IF('Preencher pelo celular'!C517="","",'Preencher pelo celular'!C517) | R89: =IF('Preencher pelo celular'!D517="","",'Preencher pelo celular'!D517) | S89: =IF('Preencher pelo celular'!F517="","",'Preencher pelo celular'!F517) | T89: =IF(COUNT(B89,E89,H89,K89,N89,Q89)=0,"",AVERAGE(B89,E89,H89,K89,N89,Q89)) | U89: =IF(COUNT(D89,G89,J89,M89,P89,S89)=0,"",AVERAGE(D89,G89,J89,M89,P89,S89)) | V89: =IF(COUNT(C89,F89,I89,L89,O89,R89)=0,"",SUM(C89,F89,I89,L89,O89,R89))
A90: ='Preencher pelo celular'!A518 -> 46376 | B90: =IF('Preencher pelo celular'!C518="","",'Preencher pelo celular'!C518) | C90: =IF('Preencher pelo celular'!D518="","",'Preencher pelo celular'!D518) | D90: =IF('Preencher pelo celular'!F518="","",'Preencher pelo celular'!F518) | E90: =IF('Preencher pelo celular'!C519="","",'Preencher pelo celular'!C519) | F90: =IF('Preencher pelo celular'!D519="","",'Preencher pelo celular'!D519) | G90: =IF('Preencher pelo celular'!F519="","",'Preencher pelo celular'!F519) | H90: =IF('Preencher pelo celular'!C520="","",'Preencher pelo celular'!C520) | I90: =IF('Preencher pelo celular'!D520="","",'Preencher pelo celular'!D520) | J90: =IF('Preencher pelo celular'!F520="","",'Preencher pelo celular'!F520) | K90: =IF('Preencher pelo celular'!C521="","",'Preencher pelo celular'!C521) | L90: =IF('Preencher pelo celular'!D521="","",'Preencher pelo celular'!D521) | M90: =IF('Preencher pelo celular'!F521="","",'Preencher pelo celular'!F521) | N90: =IF('Preencher pelo celular'!C522="","",'Preencher pelo celular'!C522) | O90: =IF('Preencher pelo celular'!D522="","",'Preencher pelo celular'!D522) | P90: =IF('Preencher pelo celular'!F522="","",'Preencher pelo celular'!F522) | Q90: =IF('Preencher pelo celular'!C523="","",'Preencher pelo celular'!C523) | R90: =IF('Preencher pelo celular'!D523="","",'Preencher pelo celular'!D523) | S90: =IF('Preencher pelo celular'!F523="","",'Preencher pelo celular'!F523) | T90: =IF(COUNT(B90,E90,H90,K90,N90,Q90)=0,"",AVERAGE(B90,E90,H90,K90,N90,Q90)) | U90: =IF(COUNT(D90,G90,J90,M90,P90,S90)=0,"",AVERAGE(D90,G90,J90,M90,P90,S90)) | V90: =IF(COUNT(C90,F90,I90,L90,O90,R90)=0,"",SUM(C90,F90,I90,L90,O90,R90))
A91: ='Preencher pelo celular'!A524 -> 46377 | B91: =IF('Preencher pelo celular'!C524="","",'Preencher pelo celular'!C524) | C91: =IF('Preencher pelo celular'!D524="","",'Preencher pelo celular'!D524) | D91: =IF('Preencher pelo celular'!F524="","",'Preencher pelo celular'!F524) | E91: =IF('Preencher pelo celular'!C525="","",'Preencher pelo celular'!C525) | F91: =IF('Preencher pelo celular'!D525="","",'Preencher pelo celular'!D525) | G91: =IF('Preencher pelo celular'!F525="","",'Preencher pelo celular'!F525) | H91: =IF('Preencher pelo celular'!C526="","",'Preencher pelo celular'!C526) | I91: =IF('Preencher pelo celular'!D526="","",'Preencher pelo celular'!D526) | J91: =IF('Preencher pelo celular'!F526="","",'Preencher pelo celular'!F526) | K91: =IF('Preencher pelo celular'!C527="","",'Preencher pelo celular'!C527) | L91: =IF('Preencher pelo celular'!D527="","",'Preencher pelo celular'!D527) | M91: =IF('Preencher pelo celular'!F527="","",'Preencher pelo celular'!F527) | N91: =IF('Preencher pelo celular'!C528="","",'Preencher pelo celular'!C528) | O91: =IF('Preencher pelo celular'!D528="","",'Preencher pelo celular'!D528) | P91: =IF('Preencher pelo celular'!F528="","",'Preencher pelo celular'!F528) | Q91: =IF('Preencher pelo celular'!C529="","",'Preencher pelo celular'!C529) | R91: =IF('Preencher pelo celular'!D529="","",'Preencher pelo celular'!D529) | S91: =IF('Preencher pelo celular'!F529="","",'Preencher pelo celular'!F529) | T91: =IF(COUNT(B91,E91,H91,K91,N91,Q91)=0,"",AVERAGE(B91,E91,H91,K91,N91,Q91)) | U91: =IF(COUNT(D91,G91,J91,M91,P91,S91)=0,"",AVERAGE(D91,G91,J91,M91,P91,S91)) | V91: =IF(COUNT(C91,F91,I91,L91,O91,R91)=0,"",SUM(C91,F91,I91,L91,O91,R91))
A92: ='Preencher pelo celular'!A530 -> 46378 | B92: =IF('Preencher pelo celular'!C530="","",'Preencher pelo celular'!C530) | C92: =IF('Preencher pelo celular'!D530="","",'Preencher pelo celular'!D530) | D92: =IF('Preencher pelo celular'!F530="","",'Preencher pelo celular'!F530) | E92: =IF('Preencher pelo celular'!C531="","",'Preencher pelo celular'!C531) | F92: =IF('Preencher pelo celular'!D531="","",'Preencher pelo celular'!D531) | G92: =IF('Preencher pelo celular'!F531="","",'Preencher pelo celular'!F531) | H92: =IF('Preencher pelo celular'!C532="","",'Preencher pelo celular'!C532) | I92: =IF('Preencher pelo celular'!D532="","",'Preencher pelo celular'!D532) | J92: =IF('Preencher pelo celular'!F532="","",'Preencher pelo celular'!F532) | K92: =IF('Preencher pelo celular'!C533="","",'Preencher pelo celular'!C533) | L92: =IF('Preencher pelo celular'!D533="","",'Preencher pelo celular'!D533) | M92: =IF('Preencher pelo celular'!F533="","",'Preencher pelo celular'!F533) | N92: =IF('Preencher pelo celular'!C534="","",'Preencher pelo celular'!C534) | O92: =IF('Preencher pelo celular'!D534="","",'Preencher pelo celular'!D534) | P92: =IF('Preencher pelo celular'!F534="","",'Preencher pelo celular'!F534) | Q92: =IF('Preencher pelo celular'!C535="","",'Preencher pelo celular'!C535) | R92: =IF('Preencher pelo celular'!D535="","",'Preencher pelo celular'!D535) | S92: =IF('Preencher pelo celular'!F535="","",'Preencher pelo celular'!F535) | T92: =IF(COUNT(B92,E92,H92,K92,N92,Q92)=0,"",AVERAGE(B92,E92,H92,K92,N92,Q92)) | U92: =IF(COUNT(D92,G92,J92,M92,P92,S92)=0,"",AVERAGE(D92,G92,J92,M92,P92,S92)) | V92: =IF(COUNT(C92,F92,I92,L92,O92,R92)=0,"",SUM(C92,F92,I92,L92,O92,R92))
A93: ='Preencher pelo celular'!A536 -> 46379 | B93: =IF('Preencher pelo celular'!C536="","",'Preencher pelo celular'!C536) | C93: =IF('Preencher pelo celular'!D536="","",'Preencher pelo celular'!D536) | D93: =IF('Preencher pelo celular'!F536="","",'Preencher pelo celular'!F536) | E93: =IF('Preencher pelo celular'!C537="","",'Preencher pelo celular'!C537) | F93: =IF('Preencher pelo celular'!D537="","",'Preencher pelo celular'!D537) | G93: =IF('Preencher pelo celular'!F537="","",'Preencher pelo celular'!F537) | H93: =IF('Preencher pelo celular'!C538="","",'Preencher pelo celular'!C538) | I93: =IF('Preencher pelo celular'!D538="","",'Preencher pelo celular'!D538) | J93: =IF('Preencher pelo celular'!F538="","",'Preencher pelo celular'!F538) | K93: =IF('Preencher pelo celular'!C539="","",'Preencher pelo celular'!C539) | L93: =IF('Preencher pelo celular'!D539="","",'Preencher pelo celular'!D539) | M93: =IF('Preencher pelo celular'!F539="","",'Preencher pelo celular'!F539) | N93: =IF('Preencher pelo celular'!C540="","",'Preencher pelo celular'!C540) | O93: =IF('Preencher pelo celular'!D540="","",'Preencher pelo celular'!D540) | P93: =IF('Preencher pelo celular'!F540="","",'Preencher pelo celular'!F540) | Q93: =IF('Preencher pelo celular'!C541="","",'Preencher pelo celular'!C541) | R93: =IF('Preencher pelo celular'!D541="","",'Preencher pelo celular'!D541) | S93: =IF('Preencher pelo celular'!F541="","",'Preencher pelo celular'!F541) | T93: =IF(COUNT(B93,E93,H93,K93,N93,Q93)=0,"",AVERAGE(B93,E93,H93,K93,N93,Q93)) | U93: =IF(COUNT(D93,G93,J93,M93,P93,S93)=0,"",AVERAGE(D93,G93,J93,M93,P93,S93)) | V93: =IF(COUNT(C93,F93,I93,L93,O93,R93)=0,"",SUM(C93,F93,I93,L93,O93,R93))
A95: Valores copiados automaticamente da aba 'Preencher pelo celular'. Observações e alimentação completas estão naquela aba.

Sheet Resumo
A1: RESUMO PARA A EQUIPE MÉDICA
A3: Período de | B3: ='Como usar'!$B$4 -> 46290 | C3: Pode trocar as datas para ver só um período (ex.: últimos 15 dias).
A4: Até | B4: ='Como usar'!$B$4+89 -> 46379
A5: Dias com registro | B5: =SUMPRODUCT(('Histórico por dia'!$A$4:$A$93>=$B$3)*('Histórico por dia'!$A$4:$A$93<=$B$4)*((('Histórico por dia'!$T$4:$T$93<>"")+('Histórico por dia'!$U$4:$U$93<>"")+('Histórico por dia'!$V$4:$V$93<>""))>0)) -> 0
A7: Refeição | B7: Medições antes | C7: Média antes | D7: Mínima antes | E7: Máxima antes | F7: Média de insulina (un.) | G7: Medições 2h depois | H7: Média 2h depois | I7: Mínima 2h depois | J7: Máxima 2h depois | K7: Variação média (2h − antes)
A8: Café da manhã | B8: =COUNTIFS('Preencher pelo celular'!$C$2:$C$541,"<>",'Preencher pelo celular'!$B$2:$B$541,$A8,'Preencher pelo celular'!$A$2:$A$541,">="&$B$3,'Preencher pelo celular'!$A$2:$A$541,"<="&$B$4) -> 0 | C8: =IFERROR(AVERAGEIFS('Preencher pelo celular'!$C$2:$C$541,'Preencher pelo celular'!$B$2:$B$541,$A8,'Preencher pelo celular'!$A$2:$A$541,">="&$B$3,'Preencher pelo celular'!$A$2:$A$541,"<="&$B$4),"-") -> - | D8: =IF(B8=0,"-",_xlfn.MINIFS('Preencher pelo celular'!$C$2:$C$541,'Preencher pelo celular'!$B$2:$B$541,$A8,'Preencher pelo celular'!$A$2:$A$541,">="&$B$3,'Preencher pelo celular'!$A$2:$A$541,"<="&$B$4)) -> - | E8: =IF(B8=0,"-",_xlfn.MAXIFS('Preencher pelo celular'!$C$2:$C$541,'Preencher pelo celular'!$B$2:$B$541,$A8,'Preencher pelo celular'!$A$2:$A$541,">="&$B$3,'Preencher pelo celular'!$A$2:$A$541,"<="&$B$4)) -> - | F8: =IFERROR(AVERAGEIFS('Preencher pelo celular'!$D$2:$D$541,'Preencher pelo celular'!$B$2:$B$541,$A8,'Preencher pelo celular'!$A$2:$A$541,">="&$B$3,'Preencher pelo celular'!$A$2:$A$541,"<="&$B$4),"-") -> - | G8: =COUNTIFS('Preencher pelo celular'!$F$2:$F$541,"<>",'Preencher pelo celular'!$B$2:$B$541,$A8,'Preencher pelo celular'!$A$2:$A$541,">="&$B$3,'Preencher pelo celular'!$A$2:$A$541,"<="&$B$4) -> 0 | H8: =IFERROR(AVERAGEIFS('Preencher pelo celular'!$F$2:$F$541,'Preencher pelo celular'!$B$2:$B$541,$A8,'Preencher pelo celular'!$A$2:$A$541,">="&$B$3,'Preencher pelo celular'!$A$2:$A$541,"<="&$B$4),"-") -> - | I8: =IF(G8=0,"-",_xlfn.MINIFS('Preencher pelo celular'!$F$2:$F$541,'Preencher pelo celular'!$B$2:$B$541,$A8,'Preencher pelo celular'!$A$2:$A$541,">="&$B$3,'Preencher pelo celular'!$A$2:$A$541,"<="&$B$4)) -> - | J8: =IF(G8=0,"-",_xlfn.MAXIFS('Preencher pelo celular'!$F$2:$F$541,'Preencher pelo celular'!$B$2:$B$541,$A8,'Preencher pelo celular'!$A$2:$A$541,">="&$B$3,'Preencher pelo celular'!$A$2:$A$541,"<="&$B$4)) -> - | K8: =IF(OR(C8="-",H8="-"),"-",H8-C8) -> -
A9: Lanche | B9: =COUNTIFS('Preencher pelo celular'!$C$2:$C$541,"<>",'Preencher pelo celular'!$B$2:$B$541,$A9,'Preencher pelo celular'!$A$2:$A$541,">="&$B$3,'Preencher pelo celular'!$A$2:$A$541,"<="&$B$4) -> 0 | C9: =IFERROR(AVERAGEIFS('Preencher pelo celular'!$C$2:$C$541,'Preencher pelo celular'!$B$2:$B$541,$A9,'Preencher pelo celular'!$A$2:$A$541,">="&$B$3,'Preencher pelo celular'!$A$2:$A$541,"<="&$B$4),"-") -> - | D9: =IF(B9=0,"-",_xlfn.MINIFS('Preencher pelo celular'!$C$2:$C$541,'Preencher pelo celular'!$B$2:$B$541,$A9,'Preencher pelo celular'!$A$2:$A$541,">="&$B$3,'Preencher pelo celular'!$A$2:$A$541,"<="&$B$4)) -> - | E9: =IF(B9=0,"-",_xlfn.MAXIFS('Preencher pelo celular'!$C$2:$C$541,'Preencher pelo celular'!$B$2:$B$541,$A9,'Preencher pelo celular'!$A$2:$A$541,">="&$B$3,'Preencher pelo celular'!$A$2:$A$541,"<="&$B$4)) -> - | F9: =IFERROR(AVERAGEIFS('Preencher pelo celular'!$D$2:$D$541,'Preencher pelo celular'!$B$2:$B$541,$A9,'Preencher pelo celular'!$A$2:$A$541,">="&$B$3,'Preencher pelo celular'!$A$2:$A$541,"<="&$B$4),"-") -> - | G9: =COUNTIFS('Preencher pelo celular'!$F$2:$F$541,"<>",'Preencher pelo celular'!$B$2:$B$541,$A9,'Preencher pelo celular'!$A$2:$A$541,">="&$B$3,'Preencher pelo celular'!$A$2:$A$541,"<="&$B$4) -> 0 | H9: =IFERROR(AVERAGEIFS('Preencher pelo celular'!$F$2:$F$541,'Preencher pelo celular'!$B$2:$B$541,$A9,'Preencher pelo celular'!$A$2:$A$541,">="&$B$3,'Preencher pelo celular'!$A$2:$A$541,"<="&$B$4),"-") -> - | I9: =IF(G9=0,"-",_xlfn.MINIFS('Preencher pelo celular'!$F$2:$F$541,'Preencher pelo celular'!$B$2:$B$541,$A9,'Preencher pelo celular'!$A$2:$A$541,">="&$B$3,'Preencher pelo celular'!$A$2:$A$541,"<="&$B$4)) -> - | J9: =IF(G9=0,"-",_xlfn.MAXIFS('Preencher pelo celular'!$F$2:$F$541,'Preencher pelo celular'!$B$2:$B$541,$A9,'Preencher pelo celular'!$A$2:$A$541,">="&$B$3,'Preencher pelo celular'!$A$2:$A$541,"<="&$B$4)) -> - | K9: =IF(OR(C9="-",H9="-"),"-",H9-C9) -> -
A10: Almoço | B10: =COUNTIFS('Preencher pelo celular'!$C$2:$C$541,"<>",'Preencher pelo celular'!$B$2:$B$541,$A10,'Preencher pelo celular'!$A$2:$A$541,">="&$B$3,'Preencher pelo celular'!$A$2:$A$541,"<="&$B$4) -> 0 | C10: =IFERROR(AVERAGEIFS('Preencher pelo celular'!$C$2:$C$541,'Preencher pelo celular'!$B$2:$B$541,$A10,'Preencher pelo celular'!$A$2:$A$541,">="&$B$3,'Preencher pelo celular'!$A$2:$A$541,"<="&$B$4),"-") -> - | D10: =IF(B10=0,"-",_xlfn.MINIFS('Preencher pelo celular'!$C$2:$C$541,'Preencher pelo celular'!$B$2:$B$541,$A10,'Preencher pelo celular'!$A$2:$A$541,">="&$B$3,'Preencher pelo celular'!$A$2:$A$541,"<="&$B$4)) -> - | E10: =IF(B10=0,"-",_xlfn.MAXIFS('Preencher pelo celular'!$C$2:$C$541,'Preencher pelo celular'!$B$2:$B$541,$A10,'Preencher pelo celular'!$A$2:$A$541,">="&$B$3,'Preencher pelo celular'!$A$2:$A$541,"<="&$B$4)) -> - | F10: =IFERROR(AVERAGEIFS('Preencher pelo celular'!$D$2:$D$541,'Preencher pelo celular'!$B$2:$B$541,$A10,'Preencher pelo celular'!$A$2:$A$541,">="&$B$3,'Preencher pelo celular'!$A$2:$A$541,"<="&$B$4),"-") -> - | G10: =COUNTIFS('Preencher pelo celular'!$F$2:$F$541,"<>",'Preencher pelo celular'!$B$2:$B$541,$A10,'Preencher pelo celular'!$A$2:$A$541,">="&$B$3,'Preencher pelo celular'!$A$2:$A$541,"<="&$B$4) -> 0 | H10: =IFERROR(AVERAGEIFS('Preencher pelo celular'!$F$2:$F$541,'Preencher pelo celular'!$B$2:$B$541,$A10,'Preencher pelo celular'!$A$2:$A$541,">="&$B$3,'Preencher pelo celular'!$A$2:$A$541,"<="&$B$4),"-") -> - | I10: =IF(G10=0,"-",_xlfn.MINIFS('Preencher pelo celular'!$F$2:$F$541,'Preencher pelo celular'!$B$2:$B$541,$A10,'Preencher pelo celular'!$A$2:$A$541,">="&$B$3,'Preencher pelo celular'!$A$2:$A$541,"<="&$B$4)) -> - | J10: =IF(G10=0,"-",_xlfn.MAXIFS('Preencher pelo celular'!$F$2:$F$541,'Preencher pelo celular'!$B$2:$B$541,$A10,'Preencher pelo celular'!$A$2:$A$541,">="&$B$3,'Preencher pelo celular'!$A$2:$A$541,"<="&$B$4)) -> - | K10: =IF(OR(C10="-",H10="-"),"-",H10-C10) -> -
A11: Café da tarde | B11: =COUNTIFS('Preencher pelo celular'!$C$2:$C$541,"<>",'Preencher pelo celular'!$B$2:$B$541,$A11,'Preencher pelo celular'!$A$2:$A$541,">="&$B$3,'Preencher pelo celular'!$A$2:$A$541,"<="&$B$4) -> 0 | C11: =IFERROR(AVERAGEIFS('Preencher pelo celular'!$C$2:$C$541,'Preencher pelo celular'!$B$2:$B$541,$A11,'Preencher pelo celular'!$A$2:$A$541,">="&$B$3,'Preencher pelo celular'!$A$2:$A$541,"<="&$B$4),"-") -> - | D11: =IF(B11=0,"-",_xlfn.MINIFS('Preencher pelo celular'!$C$2:$C$541,'Preencher pelo celular'!$B$2:$B$541,$A11,'Preencher pelo celular'!$A$2:$A$541,">="&$B$3,'Preencher pelo celular'!$A$2:$A$541,"<="&$B$4)) -> - | E11: =IF(B11=0,"-",_xlfn.MAXIFS('Preencher pelo celular'!$C$2:$C$541,'Preencher pelo celular'!$B$2:$B$541,$A11,'Preencher pelo celular'!$A$2:$A$541,">="&$B$3,'Preencher pelo celular'!$A$2:$A$541,"<="&$B$4)) -> - | F11: =IFERROR(AVERAGEIFS('Preencher pelo celular'!$D$2:$D$541,'Preencher pelo celular'!$B$2:$B$541,$A11,'Preencher pelo celular'!$A$2:$A$541,">="&$B$3,'Preencher pelo celular'!$A$2:$A$541,"<="&$B$4),"-") -> - | G11: =COUNTIFS('Preencher pelo celular'!$F$2:$F$541,"<>",'Preencher pelo celular'!$B$2:$B$541,$A11,'Preencher pelo celular'!$A$2:$A$541,">="&$B$3,'Preencher pelo celular'!$A$2:$A$541,"<="&$B$4) -> 0 | H11: =IFERROR(AVERAGEIFS('Preencher pelo celular'!$F$2:$F$541,'Preencher pelo celular'!$B$2:$B$541,$A11,'Preencher pelo celular'!$A$2:$A$541,">="&$B$3,'Preencher pelo celular'!$A$2:$A$541,"<="&$B$4),"-") -> - | I11: =IF(G11=0,"-",_xlfn.MINIFS('Preencher pelo celular'!$F$2:$F$541,'Preencher pelo celular'!$B$2:$B$541,$A11,'Preencher pelo celular'!$A$2:$A$541,">="&$B$3,'Preencher pelo celular'!$A$2:$A$541,"<="&$B$4)) -> - | J11: =IF(G11=0,"-",_xlfn.MAXIFS('Preencher pelo celular'!$F$2:$F$541,'Preencher pelo celular'!$B$2:$B$541,$A11,'Preencher pelo celular'!$A$2:$A$541,">="&$B$3,'Preencher pelo celular'!$A$2:$A$541,"<="&$B$4)) -> - | K11: =IF(OR(C11="-",H11="-"),"-",H11-C11) -> -
A12: Janta | B12: =COUNTIFS('Preencher pelo celular'!$C$2:$C$541,"<>",'Preencher pelo celular'!$B$2:$B$541,$A12,'Preencher pelo celular'!$A$2:$A$541,">="&$B$3,'Preencher pelo celular'!$A$2:$A$541,"<="&$B$4) -> 0 | C12: =IFERROR(AVERAGEIFS('Preencher pelo celular'!$C$2:$C$541,'Preencher pelo celular'!$B$2:$B$541,$A12,'Preencher pelo celular'!$A$2:$A$541,">="&$B$3,'Preencher pelo celular'!$A$2:$A$541,"<="&$B$4),"-") -> - | D12: =IF(B12=0,"-",_xlfn.MINIFS('Preencher pelo celular'!$C$2:$C$541,'Preencher pelo celular'!$B$2:$B$541,$A12,'Preencher pelo celular'!$A$2:$A$541,">="&$B$3,'Preencher pelo celular'!$A$2:$A$541,"<="&$B$4)) -> - | E12: =IF(B12=0,"-",_xlfn.MAXIFS('Preencher pelo celular'!$C$2:$C$541,'Preencher pelo celular'!$B$2:$B$541,$A12,'Preencher pelo celular'!$A$2:$A$541,">="&$B$3,'Preencher pelo celular'!$A$2:$A$541,"<="&$B$4)) -> - | F12: =IFERROR(AVERAGEIFS('Preencher pelo celular'!$D$2:$D$541,'Preencher pelo celular'!$B$2:$B$541,$A12,'Preencher pelo celular'!$A$2:$A$541,">="&$B$3,'Preencher pelo celular'!$A$2:$A$541,"<="&$B$4),"-") -> - | G12: =COUNTIFS('Preencher pelo celular'!$F$2:$F$541,"<>",'Preencher pelo celular'!$B$2:$B$541,$A12,'Preencher pelo celular'!$A$2:$A$541,">="&$B$3,'Preencher pelo celular'!$A$2:$A$541,"<="&$B$4) -> 0 | H12: =IFERROR(AVERAGEIFS('Preencher pelo celular'!$F$2:$F$541,'Preencher pelo celular'!$B$2:$B$541,$A12,'Preencher pelo celular'!$A$2:$A$541,">="&$B$3,'Preencher pelo celular'!$A$2:$A$541,"<="&$B$4),"-") -> - | I12: =IF(G12=0,"-",_xlfn.MINIFS('Preencher pelo celular'!$F$2:$F$541,'Preencher pelo celular'!$B$2:$B$541,$A12,'Preencher pelo celular'!$A$2:$A$541,">="&$B$3,'Preencher pelo celular'!$A$2:$A$541,"<="&$B$4)) -> - | J12: =IF(G12=0,"-",_xlfn.MAXIFS('Preencher pelo celular'!$F$2:$F$541,'Preencher pelo celular'!$B$2:$B$541,$A12,'Preencher pelo celular'!$A$2:$A$541,">="&$B$3,'Preencher pelo celular'!$A$2:$A$541,"<="&$B$4)) -> - | K12: =IF(OR(C12="-",H12="-"),"-",H12-C12) -> -
A13: Ceia | B13: =COUNTIFS('Preencher pelo celular'!$C$2:$C$541,"<>",'Preencher pelo celular'!$B$2:$B$541,$A13,'Preencher pelo celular'!$A$2:$A$541,">="&$B$3,'Preencher pelo celular'!$A$2:$A$541,"<="&$B$4) -> 0 | C13: =IFERROR(AVERAGEIFS('Preencher pelo celular'!$C$2:$C$541,'Preencher pelo celular'!$B$2:$B$541,$A13,'Preencher pelo celular'!$A$2:$A$541,">="&$B$3,'Preencher pelo celular'!$A$2:$A$541,"<="&$B$4),"-") -> - | D13: =IF(B13=0,"-",_xlfn.MINIFS('Preencher pelo celular'!$C$2:$C$541,'Preencher pelo celular'!$B$2:$B$541,$A13,'Preencher pelo celular'!$A$2:$A$541,">="&$B$3,'Preencher pelo celular'!$A$2:$A$541,"<="&$B$4)) -> - | E13: =IF(B13=0,"-",_xlfn.MAXIFS('Preencher pelo celular'!$C$2:$C$541,'Preencher pelo celular'!$B$2:$B$541,$A13,'Preencher pelo celular'!$A$2:$A$541,">="&$B$3,'Preencher pelo celular'!$A$2:$A$541,"<="&$B$4)) -> - | F13: =IFERROR(AVERAGEIFS('Preencher pelo celular'!$D$2:$D$541,'Preencher pelo celular'!$B$2:$B$541,$A13,'Preencher pelo celular'!$A$2:$A$541,">="&$B$3,'Preencher pelo celular'!$A$2:$A$541,"<="&$B$4),"-") -> - | G13: =COUNTIFS('Preencher pelo celular'!$F$2:$F$541,"<>",'Preencher pelo celular'!$B$2:$B$541,$A13,'Preencher pelo celular'!$A$2:$A$541,">="&$B$3,'Preencher pelo celular'!$A$2:$A$541,"<="&$B$4) -> 0 | H13: =IFERROR(AVERAGEIFS('Preencher pelo celular'!$F$2:$F$541,'Preencher pelo celular'!$B$2:$B$541,$A13,'Preencher pelo celular'!$A$2:$A$541,">="&$B$3,'Preencher pelo celular'!$A$2:$A$541,"<="&$B$4),"-") -> - | I13: =IF(G13=0,"-",_xlfn.MINIFS('Preencher pelo celular'!$F$2:$F$541,'Preencher pelo celular'!$B$2:$B$541,$A13,'Preencher pelo celular'!$A$2:$A$541,">="&$B$3,'Preencher pelo celular'!$A$2:$A$541,"<="&$B$4)) -> - | J13: =IF(G13=0,"-",_xlfn.MAXIFS('Preencher pelo celular'!$F$2:$F$541,'Preencher pelo celular'!$B$2:$B$541,$A13,'Preencher pelo celular'!$A$2:$A$541,">="&$B$3,'Preencher pelo celular'!$A$2:$A$541,"<="&$B$4)) -> - | K13: =IF(OR(C13="-",H13="-"),"-",H13-C13) -> -
A14: Todas as refeições | B14: =COUNTIFS('Preencher pelo celular'!$C$2:$C$541,"<>",'Preencher pelo celular'!$A$2:$A$541,">="&$B$3,'Preencher pelo celular'!$A$2:$A$541,"<="&$B$4) -> 0 | C14: =IFERROR(AVERAGEIFS('Preencher pelo celular'!$C$2:$C$541,'Preencher pelo celular'!$A$2:$A$541,">="&$B$3,'Preencher pelo celular'!$A$2:$A$541,"<="&$B$4),"-") -> - | D14: =IF(B14=0,"-",_xlfn.MINIFS('Preencher pelo celular'!$C$2:$C$541,'Preencher pelo celular'!$A$2:$A$541,">="&$B$3,'Preencher pelo celular'!$A$2:$A$541,"<="&$B$4)) -> - | E14: =IF(B14=0,"-",_xlfn.MAXIFS('Preencher pelo celular'!$C$2:$C$541,'Preencher pelo celular'!$A$2:$A$541,">="&$B$3,'Preencher pelo celular'!$A$2:$A$541,"<="&$B$4)) -> - | F14: =IFERROR(AVERAGEIFS('Preencher pelo celular'!$D$2:$D$541,'Preencher pelo celular'!$A$2:$A$541,">="&$B$3,'Preencher pelo celular'!$A$2:$A$541,"<="&$B$4),"-") -> - | G14: =COUNTIFS('Preencher pelo celular'!$F$2:$F$541,"<>",'Preencher pelo celular'!$A$2:$A$541,">="&$B$3,'Preencher pelo celular'!$A$2:$A$541,"<="&$B$4) -> 0 | H14: =IFERROR(AVERAGEIFS('Preencher pelo celular'!$F$2:$F$541,'Preencher pelo celular'!$A$2:$A$541,">="&$B$3,'Preencher pelo celular'!$A$2:$A$541,"<="&$B$4),"-") -> - | I14: =IF(G14=0,"-",_xlfn.MINIFS('Preencher pelo celular'!$F$2:$F$541,'Preencher pelo celular'!$A$2:$A$541,">="&$B$3,'Preencher pelo celular'!$A$2:$A$541,"<="&$B$4)) -> - | J14: =IF(G14=0,"-",_xlfn.MAXIFS('Preencher pelo celular'!$F$2:$F$541,'Preencher pelo celular'!$A$2:$A$541,">="&$B$3,'Preencher pelo celular'!$A$2:$A$541,"<="&$B$4)) -> - | K14: =IF(OR(C14="-",H14="-"),"-",H14-C14) -> -
A17: Glicemias em mg/dL. Medições em branco não entram nas médias. Metas de glicemia, doses de insulina e decisões de tratamento devem seguir as orientações da equipe médica responsável.

Sheet Como usar
A1: CONTROLE DE GLICEMIA - COMO USAR
A3: Configuração
A4: Data de início do controle | B4: 46290
A6: Legenda
A7: Célula amarela | B7: Você preenche.
A8: Célula cinza | B8: Automática (data, refeição e cálculos). Não precisa mexer.
A10: Passo a passo
A11: 1. Início | B11: Ajuste a data de início acima (uma única vez).
A12: 2. No celular | B12: Abra a aba 'Preencher pelo celular'. Cada dia já tem as 6 refeições prontas, na ordem: Café da manhã, Lanche, Almoço, Café da tarde, Janta e Ceia.
A13: 3. Antes de comer | B13: Na linha do dia e da refeição, anote a glicemia antes (mg/dL) e as unidades de insulina aplicadas.
A14: 4. Durante | B14: Anote o que comeu e bebeu.
A15: 5. Duas horas depois | B15: Anote a glicemia 2 horas depois (mg/dL). Use Observações quando necessário (ex.: hipoglicemia, atividade física, refeição fora de casa).
A16: 6. Consulta médica | B16: Aba 'Histórico por dia': um dia por linha, pronta para imprimir. Aba 'Resumo': médias por refeição no período escolhido.
A18: Exemplo de preenchimento | B18: Café da manhã | Antes: 132 | Insulina: 4 | Pão francês com queijo e café sem açúcar | 2h depois: 168
A20: Cuidados | B20: Não insira nem apague linhas na aba de preenchimento: cada linha já corresponde a um dia e uma refeição. Refeição que não aconteceu: deixe em branco.
A21: Capacidade | B21: 90 dias a partir da data de início. Para um novo período, salve uma cópia do arquivo e altere a data de início.
A23: Observação | B23: Este controle é destinado ao registro e acompanhamento das informações. Metas de glicemia, doses de insulina e decisões de tratamento devem seguir as orientações da equipe médica responsável.

Sheet Folha diária A4
A1: CONTROLE DE GLICEMIA
A2: Data: ____ / ____ / ______
A3: REFEIÇÃO | B3: GLICEMIA ANTES | C3: QUANTAS UNIDADES DE INSULINA | D3: O QUE COMEU E BEBEU | E3: GLICEMIA 2 HORAS DEPOIS
A4: Café da manhã
A5: Lanche
A6: Almoço
A7: Café da tarde
A8: Janta
A9: Ceia
A11: Registro para acompanhamento e apresentação à equipe de saúde.
